player.id,player.name,team.name,label,date,position_codes,total_minutesOnField,average_successfulPassesToFinalThird,percent_aerialDuelsWon,percent_newSuccessfulDribbles,average_throughPasses,percent_duelsWon,percent_successfulPassesToFinalThird,average_xgAssist,average_crosses,average_progressivePasses,average_progressiveRun,average_accelerations,average_passesToFinalThird,percent_successfulProgressivePasses,percent_successfulPasses,average_ballRecoveries,average_interceptions,average_defensiveDuels,average_successfulDefensiveAction,average_forwardPasses,average_successfulForwardPasses,average_touchInBox,average_xgShot,average_keyPasses,average_successfulAttackingActions,average_shotAssists
1098968,G. Efe Egbedi,AGF U19,"Esbjerg U19 - AGF U19, 1 - 2","August 16, 2024 at 2:00:00 PM GMT+2",['cf'],30,0.0,0.0,0.0,0.0,66.67,0.0,0.0,0.0,0.0,0.0,0.0,0.0,0.0,0.0,0.0,0.0,0.0,0.0,0.0,0.0,0.0,0.0,0.0,0.0,0.0
1098963,E. Helt,AGF U19,"Esbjerg U19 - AGF U19, 1 - 2","August 16, 2024 at 2:00:00 PM GMT+2",['rcmf3'],29,0.0,0.0,0.0,0.0,66.67,0.0,0.0,0.0,0.0,0.0,0.0,0.0,0.0,0.0,0.0,0.0,0.0,0.0,0.0,0.0,0.0,0.0,0.0,0.0,0.0
1098962,S. Schøt,AGF U19,"Esbjerg U19 - AGF U19, 1 - 2","August 16, 2024 at 2:00:00 PM GMT+2",['lcb3'],100,2.7,50.0,100.0,0.9,46.15,33.33,0.0,1.8,8.1,0.0,0.0,8.1,55.56,72.73,14.4,5.4,9.9,11.7,18.0,11.7,0.9,0.0,0.0,2.7,0.0
850107,W. Rygaard,AGF U19,"Esbjerg U19 - AGF U19, 1 - 2","August 16, 2024 at 2:00:00 PM GMT+2",['cf'],100,0.9,58.33,33.33,0.0,36.11,50.0,0.0,0.9,1.8,0.0,0.0,1.8,50.0,65.0,3.6,1.8,2.7,2.7,3.6,2.7,0.9,0.01,0.0,0.9,0.0
835759,B. Baldursson,Esbjerg U19,"Esbjerg U19 - AGF U19, 1 - 2","August 16, 2024 at 2:00:00 PM GMT+2",['dmf'],100,12.6,50.0,0.0,0.9,28.57,77.78,0.07,0.0,15.3,0.0,0.0,16.2,76.47,85.94,9.0,4.5,3.6,8.1,19.8,14.4,0.0,0.04,0.0,0.0,0.9
828104,S. Stefánsson,AGF U19,"Esbjerg U19 - AGF U19, 1 - 2","August 16, 2024 at 2:00:00 PM GMT+2",['rcb3'],100,4.5,50.0,0.0,0.9,54.55,62.5,0.11,1.8,19.8,0.0,0.0,7.2,54.55,67.44,10.8,3.6,5.4,7.2,25.2,13.5,0.9,0.0,0.9,0.9,0.9
813151,A. Skovgaard,AGF U19,"Esbjerg U19 - AGF U19, 1 - 2","August 16, 2024 at 2:00:00 PM GMT+2",['lb5'],71,1.27,0.0,0.0,1.27,18.75,33.33,0.0,1.27,5.07,0.0,0.0,3.8,50.0,70.37,6.34,2.54,8.87,8.87,10.14,5.07,0.0,0.0,0.0,0.0,0.0
788217,M. Steffensen,AGF U19,"Esbjerg U19 - AGF U19, 1 - 2","August 16, 2024 at 2:00:00 PM GMT+2",['lb5'],29,0.0,0.0,0.0,0.0,25.0,0.0,0.0,0.0,0.0,0.0,0.0,0.0,0.0,0.0,0.0,0.0,0.0,0.0,0.0,0.0,0.0,0.0,0.0,0.0,0.0
769069,C. Storch,AGF U19,"Esbjerg U19 - AGF U19, 1 - 2","August 16, 2024 at 2:00:00 PM GMT+2",['cb'],100,0.0,100.0,0.0,0.0,41.18,0.0,0.0,0.0,10.8,0.0,0.0,1.8,33.33,71.43,14.4,10.8,10.8,18.9,18.0,9.0,0.0,0.0,0.0,0.0,0.0
768987,A. Drexel,Esbjerg U19,"Esbjerg U19 - AGF U19, 1 - 2","August 16, 2024 at 2:00:00 PM GMT+2",['gk'],100,1.8,0.0,0.0,0.0,100.0,66.67,0.0,0.0,7.2,0.0,0.0,2.7,75.0,90.24,6.3,3.6,0.9,4.5,11.7,9.0,0.0,0.0,0.0,0.0,0.0
767223,J. Jensen,Esbjerg U19,"Esbjerg U19 - AGF U19, 1 - 2","August 16, 2024 at 2:00:00 PM GMT+2",['lcmf'],39,0.0,0.0,0.0,0.0,46.15,0.0,0.0,0.0,0.0,0.0,0.0,0.0,0.0,0.0,0.0,0.0,0.0,0.0,0.0,0.0,0.0,0.0,0.0,0.0,0.0
766613,C. E. Lauridsen,Esbjerg U19,"Esbjerg U19 - AGF U19, 1 - 2","August 16, 2024 at 2:00:00 PM GMT+2",['lw'],22,0.0,0.0,0.0,0.0,0.0,0.0,0.0,0.0,0.0,0.0,0.0,0.0,0.0,0.0,0.0,0.0,0.0,0.0,0.0,0.0,0.0,0.0,0.0,0.0,0.0
766612,M. Engsted,Esbjerg U19,"Esbjerg U19 - AGF U19, 1 - 2","August 16, 2024 at 2:00:00 PM GMT+2",['lw'],60,1.5,0.0,0.0,0.0,0.0,100.0,0.0,1.5,1.5,1.5,0.0,1.5,100.0,100.0,3.0,9.0,4.5,10.5,4.5,4.5,0.0,0.0,0.0,1.5,0.0
766591,E. Larsen,Esbjerg U19,"Esbjerg U19 - AGF U19, 1 - 2","August 16, 2024 at 2:00:00 PM GMT+2",['rb'],95,1.89,66.67,0.0,0.0,18.75,40.0,0.0,3.79,8.53,0.0,0.0,4.74,88.89,82.46,11.37,2.84,8.53,8.53,11.37,4.74,0.0,0.0,0.0,1.89,0.0
766588,R. Zwinge,Esbjerg U19,"Esbjerg U19 - AGF U19, 1 - 2","August 16, 2024 at 2:00:00 PM GMT+2",['lcb'],100,8.1,50.0,0.0,0.9,47.06,60.0,0.0,0.9,17.1,1.8,0.0,13.5,84.21,83.75,10.8,4.5,7.2,9.9,33.3,25.2,1.8,0.07,0.0,0.9,0.0
765988,M. Kruse,Esbjerg U19,"Esbjerg U19 - AGF U19, 1 - 2","August 16, 2024 at 2:00:00 PM GMT+2",['rcmf'],100,0.0,33.33,50.0,0.0,33.33,0.0,0.0,2.7,3.6,1.8,0.0,0.9,25.0,68.75,6.3,2.7,8.1,8.1,5.4,2.7,0.9,0.07,0.0,1.8,0.0
765207,O. Haugstrup,AGF U19,"Esbjerg U19 - AGF U19, 1 - 2","August 16, 2024 at 2:00:00 PM GMT+2",['dmf'],71,6.34,0.0,0.0,3.8,53.85,71.43,0.0,0.0,15.21,0.0,0.0,8.87,58.33,77.78,16.48,6.34,6.34,12.68,19.01,13.94,0.0,0.0,0.0,0.0,0.0
765120,F. Emmery,AGF U19,"Esbjerg U19 - AGF U19, 1 - 2","August 16, 2024 at 2:00:00 PM GMT+2",['cf'],71,0.0,50.0,50.0,0.0,81.82,0.0,0.0,1.27,2.54,3.8,2.54,0.0,100.0,50.0,2.54,1.27,0.0,1.27,2.54,1.27,5.07,1.01,0.0,5.07,0.0
752651,V. De Paoli,AGF U19,"Esbjerg U19 - AGF U19, 1 - 2","August 16, 2024 at 2:00:00 PM GMT+2",['gk'],100,0.9,100.0,0.0,0.9,50.0,50.0,0.0,0.0,9.9,0.0,0.0,1.8,54.55,71.43,3.6,0.9,0.9,1.8,16.2,9.0,0.0,0.0,0.0,0.0,0.0
752351,F. Elkjær Andersen,AGF U19,"Esbjerg U19 - AGF U19, 1 - 2","August 16, 2024 at 2:00:00 PM GMT+2",['lcmf3'],100,3.6,0.0,0.0,0.0,22.22,57.14,0.0,0.0,7.2,0.0,0.0,6.3,50.0,80.0,6.3,4.5,0.9,5.4,9.0,5.4,0.9,0.08,0.0,0.9,0.0
750795,A. Lund Jørgensen,Esbjerg U19,"Esbjerg U19 - AGF U19, 1 - 2","August 16, 2024 at 2:00:00 PM GMT+2",['cf'],77,0.0,0.0,0.0,0.0,26.32,0.0,0.0,0.0,2.34,1.17,0.0,1.17,50.0,71.43,1.17,0.0,1.17,1.17,2.34,0.0,3.51,0.0,0.0,0.0,0.0
696293,R. Düring,AGF U19,"Esbjerg U19 - AGF U19, 1 - 2","August 16, 2024 at 2:00:00 PM GMT+2",['rb5'],100,0.9,0.0,0.0,0.0,50.0,33.33,0.0,0.9,3.6,0.9,0.9,2.7,75.0,80.0,4.5,1.8,5.4,4.5,6.3,3.6,0.0,0.0,0.9,0.0,0.0
694169,L. Falk Hansen,AGF U19,"Esbjerg U19 - AGF U19, 1 - 2","August 16, 2024 at 2:00:00 PM GMT+2","['rcmf3', 'dmf']",100,2.7,0.0,60.0,0.0,66.67,75.0,0.17,0.9,8.1,0.9,0.9,3.6,77.78,75.0,4.5,1.8,1.8,4.5,10.8,8.1,4.5,0.1,0.0,2.7,1.8
679653,P. Nielsen,Esbjerg U19,"Esbjerg U19 - AGF U19, 1 - 2","August 16, 2024 at 2:00:00 PM GMT+2",['lcmf'],60,3.0,0.0,0.0,1.5,23.08,33.33,0.05,0.0,4.5,0.0,0.0,9.0,100.0,77.78,9.0,0.0,7.5,6.0,10.5,4.5,1.5,0.09,0.0,0.0,1.5
679279,S. Tranbjerg,Esbjerg U19,"Esbjerg U19 - AGF U19, 1 - 2","August 16, 2024 at 2:00:00 PM GMT+2",['rb'],5,0.0,0.0,0.0,0.0,50.0,0.0,0.0,0.0,0.0,0.0,0.0,0.0,0.0,0.0,0.0,0.0,0.0,0.0,0.0,0.0,0.0,0.0,0.0,0.0,0.0
679276,K. Pedersen,Esbjerg U19,"Esbjerg U19 - AGF U19, 1 - 2","August 16, 2024 at 2:00:00 PM GMT+2",['rw'],100,0.9,50.0,60.0,0.9,30.77,50.0,0.0,3.6,5.4,2.7,0.9,1.8,50.0,50.0,5.4,1.8,6.3,4.5,7.2,4.5,3.6,0.29,0.9,4.5,0.0
679272,A. Cehobasic,Esbjerg U19,"Esbjerg U19 - AGF U19, 1 - 2","August 16, 2024 at 2:00:00 PM GMT+2","['cf', 'lw']",39,0.0,0.0,0.0,0.0,50.0,0.0,0.0,0.0,0.0,0.0,0.0,0.0,0.0,0.0,0.0,0.0,0.0,0.0,0.0,0.0,0.0,0.0,0.0,0.0,0.0
679269,M. Svane,Esbjerg U19,"Esbjerg U19 - AGF U19, 1 - 2","August 16, 2024 at 2:00:00 PM GMT+2",['lb'],100,2.7,100.0,0.0,0.0,45.45,75.0,0.02,7.2,9.9,3.6,0.0,3.6,72.73,69.57,3.6,0.9,3.6,4.5,12.6,6.3,0.9,0.03,0.9,1.8,0.9
679266,E. Omerovic,Esbjerg U19,"Esbjerg U19 - AGF U19, 1 - 2","August 16, 2024 at 2:00:00 PM GMT+2",['rcb'],100,4.5,66.67,0.0,0.0,38.1,71.43,0.0,0.0,14.4,0.0,0.0,6.3,68.75,85.92,11.7,5.4,7.2,9.0,19.8,14.4,0.0,0.0,0.0,0.0,0.0
1100478,A. Samukai,Horsens U19,"Horsens U19 - Midtjylland U19, 0 - 2","August 17, 2024 at 12:30:00 PM GMT+2",['cf'],7,0.0,0.0,0.0,0.0,0.0,0.0,0.0,0.0,0.0,0.0,0.0,0.0,0.0,0.0,0.0,0.0,0.0,0.0,0.0,0.0,0.0,0.0,0.0,0.0,0.0
1100469,E. Favor Fully,Horsens U19,"Horsens U19 - Midtjylland U19, 0 - 2","August 17, 2024 at 12:30:00 PM GMT+2","['lcb', 'lcb3']",22,0.0,0.0,0.0,0.0,50.0,0.0,0.0,0.0,0.0,0.0,0.0,0.0,0.0,0.0,0.0,0.0,0.0,0.0,0.0,0.0,0.0,0.0,0.0,0.0,0.0
1100458,Y. Ouorou,Horsens U19,"Horsens U19 - Midtjylland U19, 0 - 2","August 17, 2024 at 12:30:00 PM GMT+2",['amf'],59,0.0,0.0,33.33,1.53,47.06,0.0,0.32,3.05,4.58,4.58,4.58,3.05,66.67,73.68,4.58,0.0,7.63,6.1,6.1,1.53,1.53,0.08,3.05,7.63,3.05
1100439,A. Moro,Horsens U19,"Horsens U19 - Midtjylland U19, 0 - 2","August 17, 2024 at 12:30:00 PM GMT+2","['ldmf', 'dmf']",96,2.81,50.0,100.0,0.0,51.85,60.0,0.0,0.0,5.63,1.88,0.0,4.69,66.67,78.57,11.25,2.81,9.38,7.5,13.13,7.5,0.0,0.0,0.0,1.88,0.0
1100434,E. A´Ngon,Horsens U19,"Horsens U19 - Midtjylland U19, 0 - 2","August 17, 2024 at 12:30:00 PM GMT+2",['rcb'],96,1.88,50.0,0.0,1.88,25.0,66.67,0.0,0.0,9.38,0.0,0.0,2.81,60.0,75.68,6.56,4.69,4.69,8.44,18.75,12.19,0.0,0.0,0.0,0.0,0.0
1100378,S. Dalby Wille,Horsens U19,"Horsens U19 - Midtjylland U19, 0 - 2","August 17, 2024 at 12:30:00 PM GMT+2",['gk'],96,0.0,0.0,0.0,0.0,0.0,0.0,0.0,0.0,11.25,0.0,0.0,1.88,25.0,66.67,9.38,3.75,0.0,3.75,21.56,12.19,0.0,0.0,0.0,0.0,0.0
1075030,A. Arouna,Horsens U19,"Horsens U19 - Midtjylland U19, 0 - 2","August 17, 2024 at 12:30:00 PM GMT+2","['ramf', 'rb5', 'rb']",22,0.0,0.0,0.0,0.0,50.0,0.0,0.0,0.0,0.0,0.0,0.0,0.0,0.0,0.0,0.0,0.0,0.0,0.0,0.0,0.0,0.0,0.0,0.0,0.0,0.0
1063071,J. Arinze,Midtjylland U19,"Horsens U19 - Midtjylland U19, 0 - 2","August 17, 2024 at 12:30:00 PM GMT+2",['rcmf'],66,4.09,33.33,100.0,0.0,27.27,100.0,0.03,1.36,8.18,0.0,0.0,4.09,66.67,60.0,4.09,2.73,2.73,2.73,13.64,8.18,4.09,0.21,0.0,1.36,1.36
960301,L. Selin,Midtjylland U19,"Horsens U19 - Midtjylland U19, 0 - 2","August 17, 2024 at 12:30:00 PM GMT+2",['gk'],96,0.94,0.0,0.0,0.0,100.0,100.0,0.0,0.0,3.75,0.0,0.0,0.94,100.0,100.0,7.5,0.94,0.0,0.94,8.44,8.44,0.0,0.0,0.0,0.0,0.0
915266,B. Konteh Krubally,Midtjylland U19,"Horsens U19 - Midtjylland U19, 0 - 2","August 17, 2024 at 12:30:00 PM GMT+2",['rcb'],96,0.94,50.0,0.0,0.94,30.0,50.0,0.0,0.0,1.88,1.88,0.0,1.88,100.0,91.84,10.31,5.63,5.63,11.25,13.13,10.31,0.0,0.07,0.0,0.0,0.0
905293,S. Traoré,Horsens U19,"Horsens U19 - Midtjylland U19, 0 - 2","August 17, 2024 at 12:30:00 PM GMT+2",['ramf'],74,0.0,100.0,60.0,2.43,30.0,0.0,0.0,1.22,3.65,7.3,3.65,3.65,33.33,57.89,2.43,3.65,9.73,7.3,9.73,3.65,2.43,0.2,0.0,4.86,0.0
779367,E. Pettersen,Midtjylland U19,"Horsens U19 - Midtjylland U19, 0 - 2","August 17, 2024 at 12:30:00 PM GMT+2",['lcmf'],49,0.0,0.0,0.0,0.0,0.0,0.0,0.0,0.0,1.84,1.84,0.0,5.51,100.0,68.42,7.35,3.67,9.18,12.86,14.69,7.35,0.0,0.0,0.0,0.0,0.0
769261,M. Pimpong,Midtjylland U19,"Horsens U19 - Midtjylland U19, 0 - 2","August 17, 2024 at 12:30:00 PM GMT+2",['cf'],39,0.0,0.0,0.0,0.0,28.57,0.0,0.0,0.0,0.0,0.0,0.0,0.0,0.0,0.0,0.0,0.0,0.0,0.0,0.0,0.0,0.0,0.0,0.0,0.0,0.0
761130,O. Mandrup,Horsens U19,"Horsens U19 - Midtjylland U19, 0 - 2","August 17, 2024 at 12:30:00 PM GMT+2",['cf'],90,2.0,20.0,25.0,1.0,29.17,100.0,0.0,1.0,3.0,1.0,1.0,2.0,66.67,85.0,3.0,1.0,5.0,3.0,3.0,3.0,1.0,0.2,0.0,4.0,1.0
761114,A. Mandrup,Horsens U19,"Horsens U19 - Midtjylland U19, 0 - 2","August 17, 2024 at 12:30:00 PM GMT+2",['lb'],74,2.43,0.0,50.0,0.0,33.33,66.67,0.0,0.0,6.08,1.22,0.0,3.65,80.0,87.5,6.08,4.86,10.95,13.38,8.51,6.08,0.0,0.0,0.0,2.43,0.0
751267,L. Osmani,Horsens U19,"Horsens U19 - Midtjylland U19, 0 - 2","August 17, 2024 at 12:30:00 PM GMT+2","['amf', 'rcmf3', 'ramf']",37,0.0,0.0,0.0,0.0,0.0,0.0,0.0,0.0,0.0,0.0,0.0,0.0,0.0,0.0,0.0,0.0,0.0,0.0,0.0,0.0,0.0,0.0,0.0,0.0,0.0
748632,J. Emefile,Midtjylland U19,"Horsens U19 - Midtjylland U19, 0 - 2","August 17, 2024 at 12:30:00 PM GMT+2",['cf'],49,0.0,50.0,100.0,0.0,41.67,0.0,0.0,0.0,1.84,1.84,0.0,0.0,100.0,100.0,9.18,5.51,9.18,7.35,7.35,7.35,5.51,0.37,0.0,3.67,0.0
740536,W. Jensen,Midtjylland U19,"Horsens U19 - Midtjylland U19, 0 - 2","August 17, 2024 at 12:30:00 PM GMT+2",['rcmf'],30,0.0,0.0,0.0,0.0,33.33,0.0,0.0,0.0,0.0,0.0,0.0,0.0,0.0,0.0,0.0,0.0,0.0,0.0,0.0,0.0,0.0,0.0,0.0,0.0,0.0
738382,D. Catak,Midtjylland U19,"Horsens U19 - Midtjylland U19, 0 - 2","August 17, 2024 at 12:30:00 PM GMT+2",['rw'],12,0.0,0.0,0.0,0.0,25.0,0.0,0.0,0.0,0.0,0.0,0.0,0.0,0.0,0.0,0.0,0.0,0.0,0.0,0.0,0.0,0.0,0.0,0.0,0.0,0.0
701647,H. Toftegaard,Horsens U19,"Horsens U19 - Midtjylland U19, 0 - 2","August 17, 2024 at 12:30:00 PM GMT+2",['rdmf'],84,2.14,0.0,100.0,0.0,38.1,50.0,0.49,1.07,6.43,2.14,0.0,4.29,50.0,87.5,8.57,6.43,15.0,12.86,8.57,6.43,2.14,0.0,1.07,2.14,3.21
685726,C. Jørgensen,Midtjylland U19,"Horsens U19 - Midtjylland U19, 0 - 2","August 17, 2024 at 12:30:00 PM GMT+2",['cf'],47,5.74,0.0,50.0,0.0,33.33,60.0,0.0,5.74,5.74,1.91,0.0,9.57,33.33,60.0,1.91,0.0,9.57,7.66,9.57,5.74,0.0,0.0,0.0,1.91,0.0
683024,N. Tornvig,Midtjylland U19,"Horsens U19 - Midtjylland U19, 0 - 2","August 17, 2024 at 12:30:00 PM GMT+2",['cf'],57,0.0,33.33,0.0,0.0,44.44,0.0,0.57,0.0,0.0,1.58,0.0,0.0,0.0,100.0,1.58,0.0,1.58,1.58,0.0,0.0,6.32,0.23,3.16,1.58,3.16
682117,S. Johannesen,Midtjylland U19,"Horsens U19 - Midtjylland U19, 0 - 2","August 17, 2024 at 12:30:00 PM GMT+2",['lw'],96,1.88,0.0,50.0,0.0,40.0,40.0,0.0,2.81,2.81,4.69,0.94,4.69,66.67,65.52,3.75,1.88,7.5,7.5,8.44,3.75,1.88,0.26,0.0,4.69,0.0
682113,M. Konradsen,Midtjylland U19,"Horsens U19 - Midtjylland U19, 0 - 2","August 17, 2024 at 12:30:00 PM GMT+2",['rb'],96,5.63,50.0,0.0,0.0,31.58,54.55,0.23,5.63,9.38,2.81,0.0,10.31,90.0,67.8,14.06,2.81,11.25,7.5,28.13,18.75,0.0,0.0,0.94,0.94,0.94
682107,R. Nybo,Horsens U19,"Horsens U19 - Midtjylland U19, 0 - 2","August 17, 2024 at 12:30:00 PM GMT+2",['rb'],96,0.94,100.0,0.0,0.0,36.36,100.0,0.0,0.0,3.75,0.94,0.0,0.94,50.0,80.95,2.81,2.81,1.88,4.69,8.44,5.63,2.81,0.15,0.0,0.94,0.0
682106,S. Kristiansen,Midtjylland U19,"Horsens U19 - Midtjylland U19, 0 - 2","August 17, 2024 at 12:30:00 PM GMT+2",['lb'],96,3.75,0.0,0.0,1.88,46.15,50.0,0.12,5.63,11.25,2.81,0.0,7.5,75.0,81.25,5.63,0.0,4.69,4.69,18.75,13.13,0.94,0.0,0.0,3.75,0.94
682103,G. Bjerge,Midtjylland U19,"Horsens U19 - Midtjylland U19, 0 - 2","August 17, 2024 at 12:30:00 PM GMT+2",['lcb'],96,10.31,75.0,50.0,2.81,53.33,73.33,0.0,0.0,15.94,1.88,0.0,14.06,94.12,91.78,8.44,5.63,3.75,7.5,29.06,24.38,2.81,0.23,0.0,1.88,0.0
679398,M. Salah,Horsens U19,"Horsens U19 - Midtjylland U19, 0 - 2","August 17, 2024 at 12:30:00 PM GMT+2",['lamf'],96,0.94,0.0,72.73,0.0,61.11,100.0,0.0,2.81,1.88,3.75,1.88,0.94,0.0,64.71,1.88,1.88,1.88,2.81,2.81,1.88,5.63,0.29,0.0,8.44,0.0
678057,A. Lodberg,Midtjylland U19,"Horsens U19 - Midtjylland U19, 0 - 2","August 17, 2024 at 12:30:00 PM GMT+2",['rw'],85,4.24,0.0,57.14,2.12,40.0,80.0,0.49,5.29,6.35,1.06,0.0,5.29,100.0,65.22,4.24,0.0,6.35,3.18,3.18,3.18,5.29,0.24,2.12,7.41,3.18
678042,Z. Hussein,Horsens U19,"Horsens U19 - Midtjylland U19, 0 - 2","August 17, 2024 at 12:30:00 PM GMT+2","['lb', 'lb5']",22,0.0,0.0,0.0,0.0,33.33,0.0,0.0,0.0,0.0,0.0,0.0,0.0,0.0,0.0,0.0,0.0,0.0,0.0,0.0,0.0,0.0,0.0,0.0,0.0,0.0
678037,F. Roslyng Christiansen,Horsens U19,"Horsens U19 - Midtjylland U19, 0 - 2","August 17, 2024 at 12:30:00 PM GMT+2",['lcb'],74,3.65,60.0,100.0,1.22,64.71,50.0,0.0,0.0,7.3,1.22,0.0,7.3,66.67,79.41,19.46,15.81,8.51,24.32,24.32,18.24,0.0,0.0,0.0,1.22,0.0
639696,L. Nielsen,Midtjylland U19,"Horsens U19 - Midtjylland U19, 0 - 2","August 17, 2024 at 12:30:00 PM GMT+2",['lcmf'],47,5.74,50.0,0.0,3.83,36.36,60.0,0.0,0.0,13.4,1.91,0.0,9.57,57.14,70.37,21.06,1.91,15.32,9.57,19.15,9.57,0.0,0.0,0.0,0.0,0.0
1102392,O. Sejer Lauritsen,Brøndby U19,"Brøndby U19 - Silkeborg U19, 2 - 3","August 17, 2024 at 12:00:00 PM GMT+2",['rcb'],83,5.42,0.0,0.0,1.08,66.67,62.5,0.0,1.08,7.59,3.25,0.0,8.67,71.43,87.5,11.93,3.25,11.93,11.93,18.43,14.1,1.08,0.0,0.0,0.0,0.0
983588,V. Dahl,Silkeborg U19,"Brøndby U19 - Silkeborg U19, 2 - 3","August 17, 2024 at 12:00:00 PM GMT+2","['rcmf', 'rcmf3']",74,0.0,0.0,0.0,0.0,35.29,0.0,0.0,0.0,4.86,1.22,0.0,0.0,0.0,73.68,12.16,7.3,10.95,13.38,0.0,0.0,0.0,0.0,0.0,0.0,0.0
954382,G. Nøhr,Brøndby U19,"Brøndby U19 - Silkeborg U19, 2 - 3","August 17, 2024 at 12:00:00 PM GMT+2",['lcmf'],74,12.16,0.0,50.0,2.43,25.0,90.91,0.0,0.0,14.59,0.0,0.0,13.38,91.67,91.89,9.73,1.22,10.95,6.08,26.76,23.11,0.0,0.09,0.0,2.43,0.0
842144,C. Risom,Silkeborg U19,"Brøndby U19 - Silkeborg U19, 2 - 3","August 17, 2024 at 12:00:00 PM GMT+2",['gk'],96,0.0,100.0,0.0,0.0,100.0,0.0,0.0,0.0,1.88,0.0,0.0,0.94,0.0,91.67,4.69,2.81,0.0,2.81,12.19,10.31,0.0,0.0,0.0,0.0,0.0
821112,M. Andersen,Brøndby U19,"Brøndby U19 - Silkeborg U19, 2 - 3","August 17, 2024 at 12:00:00 PM GMT+2","['cf', 'lcmf3']",28,0.0,0.0,0.0,0.0,28.57,0.0,0.0,0.0,0.0,0.0,0.0,0.0,0.0,0.0,0.0,0.0,0.0,0.0,0.0,0.0,0.0,0.0,0.0,0.0,0.0
817235,W. Møller,Silkeborg U19,"Brøndby U19 - Silkeborg U19, 2 - 3","August 17, 2024 at 12:00:00 PM GMT+2",['lb'],96,4.69,0.0,0.0,0.0,38.89,100.0,0.0,0.0,5.63,0.94,0.0,4.69,50.0,81.82,9.38,4.69,8.44,10.31,12.19,8.44,0.0,0.0,0.0,0.0,0.0
769201,J. Ambæk,Brøndby U19,"Brøndby U19 - Silkeborg U19, 2 - 3","August 17, 2024 at 12:00:00 PM GMT+2",['cf'],96,0.0,33.33,50.0,0.0,43.75,0.0,0.0,1.88,0.94,0.0,0.0,0.94,0.0,75.0,0.0,0.94,1.88,0.94,2.81,0.94,3.75,0.24,0.0,4.69,0.0
766627,D. Riaz,Brøndby U19,"Brøndby U19 - Silkeborg U19, 2 - 3","August 17, 2024 at 12:00:00 PM GMT+2",['lcmf'],9,0.0,0.0,0.0,0.0,50.0,0.0,0.0,0.0,0.0,0.0,0.0,0.0,0.0,0.0,0.0,0.0,0.0,0.0,0.0,0.0,0.0,0.0,0.0,0.0,0.0
766625,J. Remark Wismann,Brøndby U19,"Brøndby U19 - Silkeborg U19, 2 - 3","August 17, 2024 at 12:00:00 PM GMT+2",['lw'],68,5.29,0.0,100.0,1.32,25.0,100.0,0.05,0.0,6.62,2.65,0.0,5.29,100.0,93.62,5.29,5.29,2.65,7.94,6.62,5.29,1.32,0.03,0.0,2.65,1.32
766619,W. Sonne,Brøndby U19,"Brøndby U19 - Silkeborg U19, 2 - 3","August 17, 2024 at 12:00:00 PM GMT+2",['gk'],96,2.81,100.0,0.0,0.0,100.0,100.0,0.0,0.0,9.38,0.0,0.0,2.81,70.0,89.13,6.56,1.88,0.0,1.88,22.5,17.81,0.0,0.0,0.0,0.0,0.0
760867,W. Kirk,Silkeborg U19,"Brøndby U19 - Silkeborg U19, 2 - 3","August 17, 2024 at 12:00:00 PM GMT+2","['lw', 'rwf', 'rcmf3']",96,1.88,0.0,0.0,0.0,45.45,100.0,0.38,0.94,4.69,1.88,0.0,1.88,80.0,84.21,4.69,0.94,2.81,3.75,4.69,4.69,0.94,0.11,1.88,0.94,1.88
760859,M. Øxenberg,Silkeborg U19,"Brøndby U19 - Silkeborg U19, 2 - 3","August 17, 2024 at 12:00:00 PM GMT+2",['dmf'],96,3.75,0.0,0.0,0.94,35.29,66.67,0.0,0.0,9.38,1.88,0.0,5.63,50.0,80.6,11.25,7.5,10.31,15.94,24.38,17.81,0.0,0.0,0.0,0.0,0.0
760857,M. Søgaard Hansen,Silkeborg U19,"Brøndby U19 - Silkeborg U19, 2 - 3","August 17, 2024 at 12:00:00 PM GMT+2",['cf'],50,3.6,0.0,0.0,0.0,0.0,100.0,0.0,0.0,5.4,1.8,1.8,3.6,100.0,92.86,0.0,1.8,3.6,5.4,3.6,3.6,0.0,0.0,0.0,0.0,0.0
742117,S. Stüker,Silkeborg U19,"Brøndby U19 - Silkeborg U19, 2 - 3","August 17, 2024 at 12:00:00 PM GMT+2",['rb'],96,0.0,0.0,100.0,0.0,22.22,0.0,0.0,2.81,5.63,0.94,0.0,0.0,16.67,73.53,2.81,0.0,5.63,2.81,5.63,3.75,0.94,0.12,0.0,3.75,0.0
742110,P. Søndergaard,Brøndby U19,"Brøndby U19 - Silkeborg U19, 2 - 3","August 17, 2024 at 12:00:00 PM GMT+2",['lcb'],96,15.94,0.0,0.0,2.81,36.36,73.91,0.0,0.0,23.44,8.44,0.0,21.56,96.0,91.49,10.31,2.81,8.44,7.5,45.94,39.38,0.0,0.0,0.0,0.0,0.0
740103,M. Micha Jacobsen,Silkeborg U19,"Brøndby U19 - Silkeborg U19, 2 - 3","August 17, 2024 at 12:00:00 PM GMT+2",['lcb'],96,3.75,100.0,0.0,0.0,56.25,57.14,0.0,0.0,6.56,0.0,0.0,6.56,71.43,88.46,8.44,3.75,6.56,6.56,15.0,10.31,0.0,0.0,0.0,0.0,0.0
719135,W. Bjergfeldt,Brøndby U19,"Brøndby U19 - Silkeborg U19, 2 - 3","August 17, 2024 at 12:00:00 PM GMT+2",['rb'],96,3.75,0.0,0.0,0.94,22.22,100.0,0.17,0.94,6.56,0.94,0.0,3.75,42.86,87.18,5.63,4.69,3.75,5.63,8.44,6.56,1.88,0.0,0.94,0.94,0.94
703476,W. Pedersen,Silkeborg U19,"Brøndby U19 - Silkeborg U19, 2 - 3","August 17, 2024 at 12:00:00 PM GMT+2",['lwf'],31,0.0,0.0,0.0,0.0,66.67,0.0,0.0,0.0,0.0,0.0,0.0,0.0,0.0,0.0,0.0,0.0,0.0,0.0,0.0,0.0,0.0,0.0,0.0,0.0,0.0
682962,M. Ryberg,Silkeborg U19,"Brøndby U19 - Silkeborg U19, 2 - 3","August 17, 2024 at 12:00:00 PM GMT+2","['lcmf3', 'lcmf']",96,2.81,0.0,66.67,0.94,60.0,60.0,0.0,1.88,5.63,4.69,0.94,4.69,66.67,73.58,7.5,0.94,5.63,5.63,17.81,10.31,3.75,0.08,0.94,4.69,0.0
682104,E. Kjær,Silkeborg U19,"Brøndby U19 - Silkeborg U19, 2 - 3","August 17, 2024 at 12:00:00 PM GMT+2",['rw'],46,0.0,0.0,100.0,0.0,26.67,0.0,0.0,0.0,5.87,0.0,0.0,1.96,0.0,60.0,3.91,1.96,9.78,7.83,5.87,1.96,0.0,0.0,0.0,1.96,0.0
680375,N. Jakobsen,Brøndby U19,"Brøndby U19 - Silkeborg U19, 2 - 3","August 17, 2024 at 12:00:00 PM GMT+2","['lw', 'cf']",28,0.0,0.0,0.0,0.0,28.57,0.0,0.0,0.0,0.0,0.0,0.0,0.0,0.0,0.0,0.0,0.0,0.0,0.0,0.0,0.0,0.0,0.0,0.0,0.0,0.0
679657,J. Agyekum,Brøndby U19,"Brøndby U19 - Silkeborg U19, 2 - 3","August 17, 2024 at 12:00:00 PM GMT+2",['cf'],68,5.29,50.0,57.14,1.32,61.11,100.0,0.34,3.97,2.65,2.65,1.32,5.29,100.0,84.0,2.65,1.32,0.0,1.32,7.94,6.62,6.62,1.37,1.32,9.26,1.32
679251,S. Laustsen,Silkeborg U19,"Brøndby U19 - Silkeborg U19, 2 - 3","August 17, 2024 at 12:00:00 PM GMT+2",['rcb'],96,4.69,33.33,0.0,0.0,8.33,100.0,0.0,0.0,8.44,0.0,0.0,4.69,66.67,92.86,8.44,5.63,7.5,10.31,17.81,15.94,0.94,0.3,0.0,0.94,0.0
679250,S. Biller Mikkelsen,Silkeborg U19,"Brøndby U19 - Silkeborg U19, 2 - 3","August 17, 2024 at 12:00:00 PM GMT+2","['cf', 'lwf']",65,2.77,0.0,66.67,0.0,50.0,100.0,0.18,0.0,2.77,4.15,0.0,2.77,100.0,100.0,4.15,0.0,2.77,2.77,4.15,4.15,1.38,0.12,1.38,4.15,1.38
679233,B. Binggeli,Silkeborg U19,"Brøndby U19 - Silkeborg U19, 2 - 3","August 17, 2024 at 12:00:00 PM GMT+2",['rwf'],22,0.0,0.0,0.0,0.0,44.44,0.0,0.0,0.0,0.0,0.0,0.0,0.0,0.0,0.0,0.0,0.0,0.0,0.0,0.0,0.0,0.0,0.0,0.0,0.0,0.0
634301,A. Claridge,Brøndby U19,"Brøndby U19 - Silkeborg U19, 2 - 3","August 17, 2024 at 12:00:00 PM GMT+2","['rcmf', 'rcb']",96,8.44,100.0,0.0,0.94,17.39,81.82,0.0,0.94,11.25,0.94,0.0,10.31,75.0,89.39,7.5,4.69,6.56,9.38,18.75,14.06,0.94,0.13,0.0,0.0,0.0
632570,L. Larsen,Brøndby U19,"Brøndby U19 - Silkeborg U19, 2 - 3","August 17, 2024 at 12:00:00 PM GMT+2",['lb'],96,5.63,100.0,60.0,0.94,35.0,66.67,0.76,0.0,9.38,7.5,0.94,8.44,100.0,90.32,5.63,0.94,3.75,3.75,11.25,9.38,0.94,0.0,0.94,2.81,1.88
629040,M. Beyer,Brøndby U19,"Brøndby U19 - Silkeborg U19, 2 - 3","August 17, 2024 at 12:00:00 PM GMT+2",['dmf'],13,0.0,0.0,0.0,0.0,33.33,0.0,0.0,0.0,0.0,0.0,0.0,0.0,0.0,0.0,0.0,0.0,0.0,0.0,0.0,0.0,0.0,0.0,0.0,0.0,0.0
625215,M. Jensen,Brøndby U19,"Brøndby U19 - Silkeborg U19, 2 - 3","August 17, 2024 at 12:00:00 PM GMT+2","['rw', 'rcmf3']",96,4.69,0.0,50.0,2.81,20.0,55.56,0.08,0.94,3.75,0.94,0.0,8.44,100.0,64.0,3.75,2.81,4.69,7.5,8.44,4.69,0.94,0.19,0.0,1.88,1.88
1094072,S. Acquah,Nordsjælland U19,"Nordsjælland U19 - AaB U19, 2 - 0","August 17, 2024 at 1:00:00 PM GMT+2",['lb'],99,8.18,0.0,100.0,0.91,40.0,90.0,0.0,0.0,8.18,6.36,0.0,9.09,77.78,95.65,9.09,3.64,3.64,4.55,22.73,20.91,0.91,0.19,0.0,1.82,0.0
1053585,C. Marfo,Nordsjælland U19,"Nordsjælland U19 - AaB U19, 2 - 0","August 17, 2024 at 1:00:00 PM GMT+2",['dmf'],99,11.82,100.0,100.0,0.0,41.18,92.86,0.05,0.0,8.18,0.0,0.0,12.73,100.0,97.16,12.73,6.36,3.64,8.18,22.73,20.91,0.0,0.0,0.0,0.91,1.82
844693,D. Jóhannesson,Nordsjælland U19,"Nordsjælland U19 - AaB U19, 2 - 0","August 17, 2024 at 1:00:00 PM GMT+2","['lwf', 'lcmf3']",37,0.0,0.0,0.0,0.0,14.29,0.0,0.0,0.0,0.0,0.0,0.0,0.0,0.0,0.0,0.0,0.0,0.0,0.0,0.0,0.0,0.0,0.0,0.0,0.0,0.0
841203,M. Jensen,AaB U19,"Nordsjælland U19 - AaB U19, 2 - 0","August 17, 2024 at 1:00:00 PM GMT+2","['lb', 'lb5']",52,0.0,0.0,0.0,0.0,0.0,0.0,0.0,0.0,3.46,0.0,0.0,3.46,50.0,78.26,1.73,3.46,6.92,6.92,15.58,8.65,3.46,0.0,0.0,0.0,0.0
825228,M. Seim-Monsen,Nordsjælland U19,"Nordsjælland U19 - AaB U19, 2 - 0","August 17, 2024 at 1:00:00 PM GMT+2",['cf'],89,0.0,0.0,0.0,0.0,15.38,0.0,0.0,0.0,0.0,0.0,0.0,1.01,0.0,87.5,5.06,1.01,4.04,2.02,2.02,2.02,2.02,0.0,0.0,0.0,0.0
813589,N. Stojanovic,AaB U19,"Nordsjælland U19 - AaB U19, 2 - 0","August 17, 2024 at 1:00:00 PM GMT+2",['lw'],16,0.0,0.0,0.0,0.0,33.33,0.0,0.0,0.0,0.0,0.0,0.0,0.0,0.0,0.0,0.0,0.0,0.0,0.0,0.0,0.0,0.0,0.0,0.0,0.0,0.0
789788,B. Skovgaard,AaB U19,"Nordsjælland U19 - AaB U19, 2 - 0","August 17, 2024 at 1:00:00 PM GMT+2",['cf'],83,0.0,0.0,100.0,0.0,25.0,0.0,0.0,0.0,1.08,1.08,0.0,0.0,0.0,71.43,2.17,3.25,5.42,7.59,1.08,0.0,0.0,0.0,0.0,1.08,0.0
778888,J. Valtteri Lähteenmäki,Nordsjælland U19,"Nordsjælland U19 - AaB U19, 2 - 0","August 17, 2024 at 1:00:00 PM GMT+2",['lwf'],62,0.0,0.0,0.0,0.0,60.0,0.0,0.0,8.71,1.45,1.45,0.0,0.0,100.0,76.32,0.0,1.45,0.0,1.45,2.9,0.0,11.61,0.31,0.0,2.9,0.0
770011,M. Walker,Nordsjælland U19,"Nordsjælland U19 - AaB U19, 2 - 0","August 17, 2024 at 1:00:00 PM GMT+2",['lcb'],99,1.82,100.0,0.0,0.0,37.5,66.67,0.0,0.0,2.73,1.82,0.0,2.73,66.67,97.47,8.18,3.64,0.91,4.55,18.18,16.36,0.91,0.0,0.0,0.0,0.0
766527,M. Samson,AaB U19,"Nordsjælland U19 - AaB U19, 2 - 0","August 17, 2024 at 1:00:00 PM GMT+2","['lcb', 'lcb3']",99,2.73,100.0,0.0,0.0,33.33,75.0,0.0,0.0,9.09,0.0,0.0,3.64,50.0,86.15,7.27,5.45,4.55,7.27,27.27,21.82,0.0,0.01,0.0,0.0,0.0
765133,J. Palsmark,Nordsjælland U19,"Nordsjælland U19 - AaB U19, 2 - 0","August 17, 2024 at 1:00:00 PM GMT+2",['lwf'],8,0.0,0.0,0.0,0.0,0.0,0.0,0.0,0.0,0.0,0.0,0.0,0.0,0.0,0.0,0.0,0.0,0.0,0.0,0.0,0.0,0.0,0.0,0.0,0.0,0.0
765129,L. Wernblad,Nordsjælland U19,"Nordsjælland U19 - AaB U19, 2 - 0","August 17, 2024 at 1:00:00 PM GMT+2",['gk'],99,0.0,0.0,0.0,0.0,0.0,0.0,0.0,0.0,1.82,0.0,0.0,0.0,100.0,100.0,0.91,0.0,0.0,0.0,9.09,9.09,0.0,0.0,0.0,0.0,0.0
760812,M. Bonde,AaB U19,"Nordsjælland U19 - AaB U19, 2 - 0","August 17, 2024 at 1:00:00 PM GMT+2","['dmf', 'rcmf']",62,2.9,0.0,0.0,0.0,30.0,100.0,0.35,0.0,5.81,0.0,0.0,2.9,75.0,96.15,5.81,5.81,10.16,11.61,10.16,8.71,0.0,0.0,1.45,0.0,1.45
760810,V. Møller,AaB U19,"Nordsjælland U19 - AaB U19, 2 - 0","August 17, 2024 at 1:00:00 PM GMT+2","['lcmf3', 'lcmf', 'rcmf3']",99,0.91,0.0,0.0,0.0,27.27,50.0,0.01,0.0,4.55,0.91,0.0,1.82,40.0,74.36,6.36,5.45,5.45,9.09,8.18,5.45,0.91,0.22,0.0,0.91,0.91
760807,V. Fjeldgaard,AaB U19,"Nordsjælland U19 - AaB U19, 2 - 0","August 17, 2024 at 1:00:00 PM GMT+2",['cf'],16,0.0,0.0,0.0,0.0,33.33,0.0,0.0,0.0,0.0,0.0,0.0,0.0,0.0,0.0,0.0,0.0,0.0,0.0,0.0,0.0,0.0,0.0,0.0,0.0,0.0
760805,B. Pihl Jørgensen,AaB U19,"Nordsjælland U19 - AaB U19, 2 - 0","August 17, 2024 at 1:00:00 PM GMT+2","['rwf', 'lwf', 'rb5']",83,1.08,0.0,75.0,0.0,23.08,50.0,0.0,0.0,2.17,1.08,0.0,2.17,0.0,40.0,2.17,2.17,6.51,5.42,5.42,1.08,2.17,0.0,0.0,3.25,0.0
746626,B. Grønkjær,AaB U19,"Nordsjælland U19 - AaB U19, 2 - 0","August 17, 2024 at 1:00:00 PM GMT+2",['gk'],99,0.0,0.0,0.0,0.0,0.0,0.0,0.0,0.0,4.55,0.0,0.0,1.82,60.0,88.37,5.45,1.82,0.0,1.82,10.91,6.36,0.0,0.0,0.0,0.0,0.0
738329,C. Tcacenco,AaB U19,"Nordsjælland U19 - AaB U19, 2 - 0","August 17, 2024 at 1:00:00 PM GMT+2","['lb', 'rb', 'rcb3']",99,0.91,50.0,100.0,0.0,57.89,50.0,0.0,0.91,7.27,0.91,0.0,1.82,25.0,78.43,9.09,3.64,6.36,9.09,22.73,14.55,0.91,0.0,0.0,5.45,0.0
701651,O. Aare Vest,Nordsjælland U19,"Nordsjælland U19 - AaB U19, 2 - 0","August 17, 2024 at 1:00:00 PM GMT+2",['rb'],10,0.0,0.0,0.0,0.0,0.0,0.0,0.0,0.0,0.0,0.0,0.0,0.0,0.0,0.0,0.0,0.0,0.0,0.0,0.0,0.0,0.0,0.0,0.0,0.0,0.0
701631,G. Ejsing,AaB U19,"Nordsjælland U19 - AaB U19, 2 - 0","August 17, 2024 at 1:00:00 PM GMT+2",['lcmf3'],17,0.0,0.0,0.0,0.0,60.0,0.0,0.0,0.0,0.0,0.0,0.0,0.0,0.0,0.0,0.0,0.0,0.0,0.0,0.0,0.0,0.0,0.0,0.0,0.0,0.0
692842,N. Andersen,AaB U19,"Nordsjælland U19 - AaB U19, 2 - 0","August 17, 2024 at 1:00:00 PM GMT+2","['rcmf3', 'rcmf', 'rw']",82,1.1,0.0,100.0,0.0,31.25,100.0,0.0,0.0,6.59,0.0,0.0,1.1,16.67,77.78,7.68,2.2,8.78,8.78,7.68,4.39,0.0,0.0,0.0,1.1,0.0
685856,M. Heyde,Nordsjælland U19,"Nordsjælland U19 - AaB U19, 2 - 0","August 17, 2024 at 1:00:00 PM GMT+2",['rcmf3'],99,4.55,0.0,100.0,0.0,53.85,50.0,0.0,1.82,8.18,2.73,0.91,9.09,88.89,84.47,7.27,3.64,2.73,4.55,22.73,16.36,1.82,0.1,0.0,1.82,0.0
685855,V. Gustafsen,Nordsjælland U19,"Nordsjælland U19 - AaB U19, 2 - 0","August 17, 2024 at 1:00:00 PM GMT+2",['rb'],89,2.02,0.0,25.0,0.0,42.11,50.0,0.0,3.03,3.03,1.01,0.0,4.04,66.67,80.0,7.08,4.04,8.09,9.1,10.11,6.07,5.06,0.0,0.0,2.02,0.0
684706,V. Berthelsen,Nordsjælland U19,"Nordsjælland U19 - AaB U19, 2 - 0","August 17, 2024 at 1:00:00 PM GMT+2",['rwf'],99,1.82,0.0,0.0,0.91,52.38,50.0,0.48,1.82,3.64,1.82,0.0,3.64,100.0,86.36,6.36,0.0,7.27,3.64,7.27,4.55,3.64,0.1,1.82,1.82,2.73
684702,T. Nielsen,Nordsjælland U19,"Nordsjælland U19 - AaB U19, 2 - 0","August 17, 2024 at 1:00:00 PM GMT+2",['lcmf3'],91,5.93,0.0,100.0,0.0,33.33,85.71,0.0,0.99,2.97,1.98,0.0,6.92,66.67,80.0,6.92,2.97,3.96,6.92,10.88,6.92,4.95,0.22,0.0,2.97,0.0
684697,O. Bødker,Nordsjælland U19,"Nordsjælland U19 - AaB U19, 2 - 0","August 17, 2024 at 1:00:00 PM GMT+2",['rcb'],99,14.55,0.0,0.0,0.0,25.0,80.0,0.0,0.0,9.09,0.0,0.0,18.18,80.0,91.4,8.18,0.0,2.73,0.91,30.91,26.36,0.0,0.0,0.0,0.0,0.0
679654,N. Nielsen,Nordsjælland U19,"Nordsjælland U19 - AaB U19, 2 - 0","August 17, 2024 at 1:00:00 PM GMT+2",['cf'],10,0.0,0.0,0.0,0.0,0.0,0.0,0.0,0.0,0.0,0.0,0.0,0.0,0.0,0.0,0.0,0.0,0.0,0.0,0.0,0.0,0.0,0.0,0.0,0.0,0.0
679420,A. Diagne,AaB U19,"Nordsjælland U19 - AaB U19, 2 - 0","August 17, 2024 at 1:00:00 PM GMT+2","['lwf', 'rwf', 'rw']",99,0.91,0.0,50.0,0.91,37.93,33.33,0.0,0.91,3.64,2.73,0.91,2.73,25.0,86.05,5.45,3.64,8.18,7.27,8.18,5.45,1.82,0.0,0.0,4.55,0.0
679218,E. Borup,AaB U19,"Nordsjælland U19 - AaB U19, 2 - 0","August 17, 2024 at 1:00:00 PM GMT+2",['rb'],47,0.0,100.0,100.0,0.0,28.57,0.0,0.0,0.0,9.57,0.0,0.0,1.91,40.0,85.71,7.66,9.57,5.74,13.4,15.32,13.4,0.0,0.0,0.0,1.91,0.0
679215,M. Kjølby,AaB U19,"Nordsjælland U19 - AaB U19, 2 - 0","August 17, 2024 at 1:00:00 PM GMT+2","['rcb', 'cb']",99,0.91,0.0,0.0,0.0,50.0,100.0,0.0,0.0,5.45,0.0,0.0,0.91,33.33,87.23,9.09,8.18,4.55,10.91,17.27,12.73,0.0,0.0,0.0,0.0,0.0
679214,M. Holt,AaB U19,"Nordsjælland U19 - AaB U19, 2 - 0","August 17, 2024 at 1:00:00 PM GMT+2",['dmf'],21,0.0,0.0,0.0,0.0,10.0,0.0,0.0,0.0,0.0,0.0,0.0,0.0,0.0,0.0,0.0,0.0,0.0,0.0,0.0,0.0,0.0,0.0,0.0,0.0,0.0
990339,T. Pedersen,Vejle U19,"OB U19 - Vejle U19, 4 - 0","August 17, 2024 at 12:30:00 PM GMT+2",['rcmf'],46,1.96,0.0,0.0,0.0,33.33,100.0,0.0,0.0,1.96,0.0,0.0,1.96,0.0,81.82,5.87,1.96,3.91,3.91,5.87,5.87,0.0,0.0,0.0,0.0,0.0
966095,A. Muhammad,Vejle U19,"OB U19 - Vejle U19, 4 - 0","August 17, 2024 at 12:30:00 PM GMT+2","['cf', 'rw']",48,0.0,33.33,0.0,0.0,46.15,0.0,0.0,0.0,0.0,0.0,0.0,0.0,0.0,80.0,3.75,1.88,7.5,5.63,1.88,0.0,1.88,0.13,0.0,0.0,0.0
949692,M. Larsen,OB U19,"OB U19 - Vejle U19, 4 - 0","August 17, 2024 at 12:30:00 PM GMT+2",['rcmf3'],19,0.0,0.0,0.0,0.0,40.0,0.0,0.0,0.0,0.0,0.0,0.0,0.0,0.0,0.0,0.0,0.0,0.0,0.0,0.0,0.0,0.0,0.0,0.0,0.0,0.0
849689,R. Koch Groth Pedersen,Vejle U19,"OB U19 - Vejle U19, 4 - 0","August 17, 2024 at 12:30:00 PM GMT+2","['rcmf', 'rcb']",48,0.0,50.0,0.0,3.75,50.0,0.0,0.0,0.0,9.38,0.0,0.0,5.63,0.0,56.52,9.38,9.38,7.5,16.88,20.63,5.63,0.0,0.0,0.0,0.0,0.0
797453,L. Bolvinkel,OB U19,"OB U19 - Vejle U19, 4 - 0","August 17, 2024 at 12:30:00 PM GMT+2",['lb'],12,0.0,0.0,0.0,0.0,60.0,0.0,0.0,0.0,0.0,0.0,0.0,0.0,0.0,0.0,0.0,0.0,0.0,0.0,0.0,0.0,0.0,0.0,0.0,0.0,0.0
797369,T. Elnegaard,OB U19,"OB U19 - Vejle U19, 4 - 0","August 17, 2024 at 12:30:00 PM GMT+2",['gk'],94,1.91,0.0,0.0,0.0,0.0,100.0,0.0,0.0,3.83,0.0,0.0,1.91,100.0,100.0,6.7,1.91,0.0,1.91,15.32,15.32,0.0,0.0,0.0,0.0,0.0
772423,B. Appiah,Vejle U19,"OB U19 - Vejle U19, 4 - 0","August 17, 2024 at 12:30:00 PM GMT+2",['cf'],58,0.0,100.0,50.0,0.0,47.06,0.0,0.05,0.0,0.0,3.1,3.1,0.0,0.0,81.25,4.66,0.0,3.1,1.55,1.55,1.55,1.55,0.14,0.0,3.1,1.55
766643,Noah Barholt Rasmussen,OB U19,"OB U19 - Vejle U19, 4 - 0","August 17, 2024 at 12:30:00 PM GMT+2","['lb', 'rw']",94,1.91,0.0,50.0,2.87,30.43,22.22,0.25,0.96,7.66,1.91,0.0,8.62,25.0,69.84,9.57,6.7,10.53,18.19,20.11,7.66,1.91,0.37,0.96,2.87,0.96
766317,H. Rasmussen,OB U19,"OB U19 - Vejle U19, 4 - 0","August 17, 2024 at 12:30:00 PM GMT+2",['rw'],82,4.39,100.0,60.0,2.2,47.62,100.0,0.21,4.39,3.29,4.39,0.0,4.39,66.67,73.08,6.59,6.59,6.59,12.07,9.88,9.88,10.98,1.66,1.1,6.59,1.1
766312,V. Bolander,OB U19,"OB U19 - Vejle U19, 4 - 0","August 17, 2024 at 12:30:00 PM GMT+2",['rcb'],12,0.0,0.0,0.0,0.0,0.0,0.0,0.0,0.0,0.0,0.0,0.0,0.0,0.0,0.0,0.0,0.0,0.0,0.0,0.0,0.0,0.0,0.0,0.0,0.0,0.0
765985,A. Klaster,Vejle U19,"OB U19 - Vejle U19, 4 - 0","August 17, 2024 at 12:30:00 PM GMT+2",['lcb'],94,3.83,0.0,0.0,1.91,33.33,57.14,0.0,0.0,11.49,0.0,0.0,6.7,50.0,80.95,8.62,4.79,6.7,9.57,17.23,10.53,0.0,0.0,0.0,0.0,0.0
765213,M. Bang,Vejle U19,"OB U19 - Vejle U19, 4 - 0","August 17, 2024 at 12:30:00 PM GMT+2",['lw'],19,0.0,0.0,0.0,0.0,0.0,0.0,0.0,0.0,0.0,0.0,0.0,0.0,0.0,0.0,0.0,0.0,0.0,0.0,0.0,0.0,0.0,0.0,0.0,0.0,0.0
764618,D. Amtrup,OB U19,"OB U19 - Vejle U19, 4 - 0","August 17, 2024 at 12:30:00 PM GMT+2",['lcb'],94,1.91,25.0,0.0,0.96,15.38,66.67,0.0,0.0,5.74,0.96,0.0,2.87,50.0,95.06,8.62,2.87,5.74,9.57,27.77,23.94,0.96,0.19,0.0,0.96,0.0
750681,S. Ravn,Vejle U19,"OB U19 - Vejle U19, 4 - 0","August 17, 2024 at 12:30:00 PM GMT+2",['lcmf'],75,6.0,0.0,100.0,0.0,27.27,62.5,0.0,0.0,3.6,1.2,0.0,9.6,100.0,86.67,8.4,2.4,4.8,4.8,9.6,7.2,0.0,0.05,0.0,2.4,0.0
743525,V. Friis,OB U19,"OB U19 - Vejle U19, 4 - 0","August 17, 2024 at 12:30:00 PM GMT+2",['lcmf3'],94,2.87,0.0,0.0,1.91,34.62,75.0,0.8,0.96,4.79,3.83,0.0,3.83,80.0,83.72,10.53,6.7,7.66,12.45,13.4,10.53,6.7,0.37,1.91,3.83,1.91
739992,N. Lassen,OB U19,"OB U19 - Vejle U19, 4 - 0","August 17, 2024 at 12:30:00 PM GMT+2",['rcmf3'],75,2.4,0.0,100.0,0.0,20.0,66.67,0.0,0.0,6.0,3.6,0.0,3.6,40.0,66.67,6.0,3.6,12.0,14.4,13.2,7.2,3.6,0.77,0.0,1.2,0.0
738642,A. Tomaselli,Vejle U19,"OB U19 - Vejle U19, 4 - 0","August 17, 2024 at 12:30:00 PM GMT+2",['rb'],94,2.87,0.0,0.0,0.96,26.09,42.86,0.0,1.91,9.57,1.91,0.0,6.7,70.0,73.58,4.79,0.96,9.57,7.66,15.32,8.62,0.0,0.0,0.0,0.0,0.0
738328,K. Tonnisen,Vejle U19,"OB U19 - Vejle U19, 4 - 0","August 17, 2024 at 12:30:00 PM GMT+2",['cf'],20,0.0,0.0,0.0,0.0,14.29,0.0,0.0,0.0,0.0,0.0,0.0,0.0,0.0,0.0,0.0,0.0,0.0,0.0,0.0,0.0,0.0,0.0,0.0,0.0,0.0
685762,N. Juul-Sandberg,OB U19,"OB U19 - Vejle U19, 4 - 0","August 17, 2024 at 12:30:00 PM GMT+2",['dmf'],94,7.66,50.0,100.0,0.96,58.33,66.67,0.21,0.96,8.62,3.83,0.0,11.49,77.78,90.53,7.66,2.87,2.87,4.79,20.11,16.28,0.0,0.0,0.0,0.96,2.87
682105,A. Stengaard,Vejle U19,"OB U19 - Vejle U19, 4 - 0","August 17, 2024 at 12:30:00 PM GMT+2",['cf'],46,0.0,0.0,0.0,0.0,20.0,0.0,0.0,1.96,1.96,0.0,0.0,0.0,0.0,62.5,3.91,0.0,3.91,3.91,5.87,1.96,1.96,0.0,0.0,0.0,0.0
679299,T. Lykkebak,Vejle U19,"OB U19 - Vejle U19, 4 - 0","August 17, 2024 at 12:30:00 PM GMT+2","['lw', 'rcmf']",94,2.87,100.0,0.0,0.96,19.05,75.0,0.0,1.91,9.57,1.91,0.0,3.83,60.0,67.86,5.74,3.83,6.7,9.57,9.57,4.79,0.0,0.0,0.0,0.0,0.0
679293,M. Udengaard,Vejle U19,"OB U19 - Vejle U19, 4 - 0","August 17, 2024 at 12:30:00 PM GMT+2",['lb'],62,2.9,0.0,0.0,0.0,20.0,66.67,0.1,2.9,10.16,0.0,0.0,4.35,85.71,82.61,5.81,7.26,2.9,8.71,15.97,11.61,0.0,0.0,1.45,1.45,1.45
679284,G. Knudsen,Vejle U19,"OB U19 - Vejle U19, 4 - 0","August 17, 2024 at 12:30:00 PM GMT+2",['gk'],94,0.96,100.0,0.0,0.0,100.0,50.0,0.0,0.0,6.7,0.0,0.0,1.91,71.43,94.0,6.7,1.91,0.0,1.91,19.15,16.28,0.0,0.0,0.0,0.0,0.0
679238,J. Askou,OB U19,"OB U19 - Vejle U19, 4 - 0","August 17, 2024 at 12:30:00 PM GMT+2",['rcb'],82,12.07,60.0,0.0,0.0,36.36,84.62,0.0,0.0,19.76,0.0,0.0,14.27,77.78,91.55,12.07,3.29,2.2,5.49,34.02,29.63,0.0,0.0,0.0,0.0,0.0
678662,E. Petersen,OB U19,"OB U19 - Vejle U19, 4 - 0","August 17, 2024 at 12:30:00 PM GMT+2",['cf'],46,0.0,0.0,0.0,0.0,0.0,0.0,0.1,0.0,1.96,0.0,0.0,0.0,100.0,100.0,0.0,1.96,1.96,3.91,1.96,1.96,3.91,1.29,1.96,1.96,1.96
678652,M. Søfeldt Nielsen,OB U19,"OB U19 - Vejle U19, 4 - 0","August 17, 2024 at 12:30:00 PM GMT+2",['cf'],48,0.0,100.0,0.0,0.0,8.33,0.0,0.0,0.0,1.88,0.0,0.0,0.0,100.0,66.67,0.0,0.0,3.75,3.75,5.63,3.75,9.38,2.23,0.0,5.63,0.0
678651,M. Andersen,OB U19,"OB U19 - Vejle U19, 4 - 0","August 17, 2024 at 12:30:00 PM GMT+2",['lw'],75,2.4,0.0,100.0,0.0,50.0,66.67,1.18,1.2,6.0,6.0,1.2,3.6,60.0,78.57,7.2,3.6,4.8,7.2,7.2,4.8,3.6,0.0,3.6,7.2,3.6
638043,A. Sønderskov,Vejle U19,"OB U19 - Vejle U19, 4 - 0","August 17, 2024 at 12:30:00 PM GMT+2",['rcb'],74,6.08,100.0,0.0,2.43,46.15,62.5,0.0,0.0,12.16,0.0,0.0,9.73,60.0,80.7,13.38,3.65,7.3,8.51,36.49,24.32,0.0,0.0,0.0,0.0,0.0
624752,M. McCoy,OB U19,"OB U19 - Vejle U19, 4 - 0","August 17, 2024 at 12:30:00 PM GMT+2",['rb'],94,4.79,100.0,100.0,0.96,64.71,83.33,0.42,3.83,11.49,1.91,0.96,5.74,91.67,88.89,11.49,1.91,4.79,7.66,14.36,12.45,0.0,0.0,0.96,3.83,0.96
624745,V. Grymer,OB U19,"OB U19 - Vejle U19, 4 - 0","August 17, 2024 at 12:30:00 PM GMT+2",['lw'],19,0.0,0.0,0.0,0.0,28.57,0.0,0.0,0.0,0.0,0.0,0.0,0.0,0.0,0.0,0.0,0.0,0.0,0.0,0.0,0.0,0.0,0.0,0.0,0.0,0.0
624674,C. Astrup,Vejle U19,"OB U19 - Vejle U19, 4 - 0","August 17, 2024 at 12:30:00 PM GMT+2","['lcmf', 'rw']",32,0.0,0.0,0.0,0.0,25.0,0.0,0.0,0.0,0.0,0.0,0.0,0.0,0.0,0.0,0.0,0.0,0.0,0.0,0.0,0.0,0.0,0.0,0.0,0.0,0.0
624657,L. Flø Borregaard,Vejle U19,"OB U19 - Vejle U19, 4 - 0","August 17, 2024 at 12:30:00 PM GMT+2","['rw', 'lb']",94,1.91,100.0,33.33,0.0,47.37,100.0,0.0,0.96,3.83,2.87,0.0,1.91,100.0,81.25,10.53,1.91,8.62,8.62,5.74,4.79,0.96,0.0,0.0,0.96,0.0
1099753,S. Bogdan,SønderjyskE U19,"Randers U19 - SønderjyskE U19, 0 - 2","August 17, 2024 at 1:00:00 PM GMT+2",['gk'],96,2.81,100.0,0.0,0.0,100.0,42.86,0.0,0.0,5.63,0.0,0.0,6.56,100.0,85.19,7.5,7.5,0.0,7.5,13.13,9.38,0.0,0.0,0.0,0.0,0.0
962525,A. Rrahmani,SønderjyskE U19,"Randers U19 - SønderjyskE U19, 0 - 2","August 17, 2024 at 1:00:00 PM GMT+2",['lcmf'],90,2.0,0.0,50.0,0.0,32.0,50.0,0.0,0.0,5.0,2.0,0.0,4.0,80.0,87.5,2.0,3.0,11.0,11.0,8.0,6.0,1.0,0.27,1.0,1.0,0.0
905838,E. Bramsen,Randers U19,"Randers U19 - SønderjyskE U19, 0 - 2","August 17, 2024 at 1:00:00 PM GMT+2",['rb'],25,0.0,0.0,0.0,0.0,33.33,0.0,0.0,0.0,0.0,0.0,0.0,0.0,0.0,0.0,0.0,0.0,0.0,0.0,0.0,0.0,0.0,0.0,0.0,0.0,0.0
814414,S. Frahm Gade,Randers U19,"Randers U19 - SønderjyskE U19, 0 - 2","August 17, 2024 at 1:00:00 PM GMT+2",['lw'],6,0.0,0.0,0.0,0.0,0.0,0.0,0.0,0.0,0.0,0.0,0.0,0.0,0.0,0.0,0.0,0.0,0.0,0.0,0.0,0.0,0.0,0.0,0.0,0.0,0.0
782515,J. Pedersen,Randers U19,"Randers U19 - SønderjyskE U19, 0 - 2","August 17, 2024 at 1:00:00 PM GMT+2",['cf'],36,0.0,0.0,0.0,0.0,33.33,0.0,0.0,0.0,0.0,0.0,0.0,0.0,0.0,0.0,0.0,0.0,0.0,0.0,0.0,0.0,0.0,0.0,0.0,0.0,0.0
767707,J. Jonsson,SønderjyskE U19,"Randers U19 - SønderjyskE U19, 0 - 2","August 17, 2024 at 1:00:00 PM GMT+2",['rcmf'],96,6.56,75.0,100.0,0.0,47.06,87.5,0.44,0.0,7.5,0.0,0.0,7.5,50.0,86.67,11.25,10.31,6.56,14.06,7.5,5.63,0.0,0.0,0.94,0.94,0.94
766698,S. Larsen,SønderjyskE U19,"Randers U19 - SønderjyskE U19, 0 - 2","August 17, 2024 at 1:00:00 PM GMT+2",['cf'],96,0.0,22.22,0.0,0.0,26.67,0.0,0.25,0.0,0.94,0.0,0.0,0.94,100.0,84.21,4.69,4.69,4.69,8.44,6.56,3.75,0.94,0.0,0.0,0.0,0.94
766691,L. Riggelsen,SønderjyskE U19,"Randers U19 - SønderjyskE U19, 0 - 2","August 17, 2024 at 1:00:00 PM GMT+2",['rb'],96,1.88,0.0,0.0,0.0,42.86,33.33,0.0,3.75,6.56,1.88,0.0,5.63,71.43,71.43,7.5,4.69,2.81,7.5,12.19,8.44,0.94,0.01,0.0,0.0,0.0
766690,J. Klemann Pålsson,SønderjyskE U19,"Randers U19 - SønderjyskE U19, 0 - 2","August 17, 2024 at 1:00:00 PM GMT+2",['lw'],17,0.0,0.0,0.0,0.0,0.0,0.0,0.0,0.0,0.0,0.0,0.0,0.0,0.0,0.0,0.0,0.0,0.0,0.0,0.0,0.0,0.0,0.0,0.0,0.0,0.0
766689,J. Lagoni Thorsen,SønderjyskE U19,"Randers U19 - SønderjyskE U19, 0 - 2","August 17, 2024 at 1:00:00 PM GMT+2",['dmf'],38,0.0,0.0,0.0,0.0,80.0,0.0,0.0,0.0,0.0,0.0,0.0,0.0,0.0,0.0,0.0,0.0,0.0,0.0,0.0,0.0,0.0,0.0,0.0,0.0,0.0
766684,E. Hjorth Pedersen,SønderjyskE U19,"Randers U19 - SønderjyskE U19, 0 - 2","August 17, 2024 at 1:00:00 PM GMT+2",['rw'],79,1.14,100.0,0.0,0.0,26.32,100.0,0.29,5.7,2.28,2.28,0.0,1.14,100.0,66.67,4.56,2.28,7.97,7.97,1.14,1.14,5.7,0.29,0.0,2.28,1.14
766680,A. Ebrat,SønderjyskE U19,"Randers U19 - SønderjyskE U19, 0 - 2","August 17, 2024 at 1:00:00 PM GMT+2",['rw'],17,0.0,0.0,0.0,0.0,33.33,0.0,0.0,0.0,0.0,0.0,0.0,0.0,0.0,0.0,0.0,0.0,0.0,0.0,0.0,0.0,0.0,0.0,0.0,0.0,0.0
766605,A. Riiser,Randers U19,"Randers U19 - SønderjyskE U19, 0 - 2","August 17, 2024 at 1:00:00 PM GMT+2",['rw'],36,0.0,0.0,0.0,0.0,41.67,0.0,0.0,0.0,0.0,0.0,0.0,0.0,0.0,0.0,0.0,0.0,0.0,0.0,0.0,0.0,0.0,0.0,0.0,0.0,0.0
766597,B. Andersen,Randers U19,"Randers U19 - SønderjyskE U19, 0 - 2","August 17, 2024 at 1:00:00 PM GMT+2",['cf'],71,1.27,50.0,0.0,0.0,44.44,100.0,0.33,1.27,2.54,0.0,0.0,1.27,50.0,73.33,1.27,0.0,2.54,2.54,0.0,0.0,12.68,0.57,0.0,2.54,2.54
766594,M. Simonsen,Randers U19,"Randers U19 - SønderjyskE U19, 0 - 2","August 17, 2024 at 1:00:00 PM GMT+2",['gk'],96,0.94,0.0,0.0,0.0,0.0,100.0,0.0,0.0,5.63,0.0,0.0,0.94,66.67,95.0,10.31,2.81,0.94,2.81,20.63,18.75,0.0,0.0,0.0,0.0,0.0
752773,M. Ottesen,SønderjyskE U19,"Randers U19 - SønderjyskE U19, 0 - 2","August 17, 2024 at 1:00:00 PM GMT+2",['rcb'],96,1.88,66.67,0.0,0.0,42.86,50.0,0.03,0.0,4.69,0.0,0.0,3.75,80.0,90.0,9.38,3.75,2.81,6.56,11.25,7.5,0.0,0.0,0.0,0.0,0.94
748634,F. Konstmann,Randers U19,"Randers U19 - SønderjyskE U19, 0 - 2","August 17, 2024 at 1:00:00 PM GMT+2",['lb'],36,0.0,0.0,0.0,0.0,40.0,0.0,0.0,0.0,0.0,0.0,0.0,0.0,0.0,0.0,0.0,0.0,0.0,0.0,0.0,0.0,0.0,0.0,0.0,0.0,0.0
743450,M. Larsson,Randers U19,"Randers U19 - SønderjyskE U19, 0 - 2","August 17, 2024 at 1:00:00 PM GMT+2",['rw'],60,3.0,0.0,42.86,0.0,64.71,66.67,0.03,0.0,12.0,0.0,0.0,4.5,87.5,76.47,4.5,1.5,1.5,3.0,12.0,7.5,1.5,0.02,0.0,4.5,1.5
740144,V. Klindt Sørensen,SønderjyskE U19,"Randers U19 - SønderjyskE U19, 0 - 2","August 17, 2024 at 1:00:00 PM GMT+2",['lcb'],96,2.81,66.67,0.0,0.0,45.45,42.86,0.0,0.94,9.38,0.0,0.0,6.56,70.0,77.08,8.44,3.75,5.63,8.44,23.44,15.0,0.0,0.0,0.0,0.0,0.0
709268,F. Nygaard Jürgensen,SønderjyskE U19,"Randers U19 - SønderjyskE U19, 0 - 2","August 17, 2024 at 1:00:00 PM GMT+2",['lcmf'],6,0.0,0.0,0.0,0.0,0.0,0.0,0.0,0.0,0.0,0.0,0.0,0.0,0.0,0.0,0.0,0.0,0.0,0.0,0.0,0.0,0.0,0.0,0.0,0.0,0.0
705904,L. Mandal Andersen,Randers U19,"Randers U19 - SønderjyskE U19, 0 - 2","August 17, 2024 at 1:00:00 PM GMT+2",['lcmf'],96,4.69,50.0,25.0,0.94,50.0,71.43,0.0,1.88,11.25,2.81,0.0,6.56,75.0,83.72,3.75,1.88,2.81,1.88,20.63,13.13,0.0,0.14,0.0,1.88,0.0
701667,S. Escobar Jensen,SønderjyskE U19,"Randers U19 - SønderjyskE U19, 0 - 2","August 17, 2024 at 1:00:00 PM GMT+2",['lw'],79,3.42,0.0,50.0,0.0,18.18,42.86,0.01,1.14,11.39,4.56,0.0,7.97,90.0,80.85,3.42,2.28,2.28,3.42,12.53,5.7,6.84,0.34,0.0,4.56,1.14
681326,A. Høyer,Randers U19,"Randers U19 - SønderjyskE U19, 0 - 2","August 17, 2024 at 1:00:00 PM GMT+2","['lb', 'lcb']",96,5.63,40.0,33.33,0.94,50.0,85.71,0.0,0.94,7.5,1.88,0.94,6.56,62.5,88.57,14.06,2.81,4.69,6.56,17.81,13.13,0.94,0.0,0.0,1.88,0.0
679581,A. Vogtmann,SønderjyskE U19,"Randers U19 - SønderjyskE U19, 0 - 2","August 17, 2024 at 1:00:00 PM GMT+2",['lb'],96,5.63,100.0,0.0,0.0,28.57,60.0,0.02,0.94,7.5,0.94,0.0,9.38,62.5,74.42,7.5,6.56,8.44,10.31,22.5,14.06,0.0,0.0,0.0,0.0,0.94
678996,A. Risgaard,Randers U19,"Randers U19 - SønderjyskE U19, 0 - 2","August 17, 2024 at 1:00:00 PM GMT+2",['lw'],90,4.0,0.0,50.0,0.0,34.78,100.0,0.0,1.0,5.0,3.0,1.0,4.0,60.0,77.27,7.0,2.0,8.0,10.0,3.0,2.0,2.0,0.0,0.0,3.0,0.0
678994,W. Køhler Simonsen,Randers U19,"Randers U19 - SønderjyskE U19, 0 - 2","August 17, 2024 at 1:00:00 PM GMT+2","['rb', 'cf']",96,5.63,0.0,50.0,0.0,16.67,85.71,0.29,7.5,12.19,0.94,0.94,6.56,69.23,72.73,3.75,2.81,1.88,4.69,18.75,11.25,4.69,0.29,0.0,6.56,0.94
678661,M. Albæk,Randers U19,"Randers U19 - SønderjyskE U19, 0 - 2","August 17, 2024 at 1:00:00 PM GMT+2",['rcmf'],96,8.44,100.0,60.0,2.81,57.14,81.82,0.0,0.94,15.94,7.5,0.0,10.31,76.47,88.41,11.25,1.88,6.56,4.69,16.88,12.19,0.94,0.0,0.0,3.75,0.0
678068,R. Rexhepi,Randers U19,"Randers U19 - SønderjyskE U19, 0 - 2","August 17, 2024 at 1:00:00 PM GMT+2",['cf'],60,1.5,20.0,0.0,0.0,10.0,50.0,0.01,0.0,0.0,0.0,0.0,3.0,0.0,70.0,0.0,0.0,1.5,1.5,3.0,1.5,4.5,0.46,0.0,0.0,1.5
630982,M. Henning,Randers U19,"Randers U19 - SønderjyskE U19, 0 - 2","August 17, 2024 at 1:00:00 PM GMT+2",['rcb'],60,13.5,0.0,0.0,3.0,66.67,69.23,0.63,1.5,21.0,0.0,0.0,19.5,78.57,86.67,15.0,9.0,1.5,10.5,45.0,33.0,0.0,0.0,0.0,1.5,1.5
624820,S. Maass,SønderjyskE U19,"Randers U19 - SønderjyskE U19, 0 - 2","August 17, 2024 at 1:00:00 PM GMT+2",['dmf'],58,13.97,100.0,0.0,0.0,40.0,69.23,0.0,1.55,18.62,1.55,0.0,20.17,75.0,88.0,17.07,4.66,9.31,12.41,29.48,21.72,0.0,0.0,0.0,1.55,0.0
624699,C. Østergaard,Randers U19,"Randers U19 - SønderjyskE U19, 0 - 2","August 17, 2024 at 1:00:00 PM GMT+2","['lcb', 'rcb']",96,7.5,80.0,66.67,1.88,65.0,80.0,0.01,0.0,15.0,2.81,0.0,9.38,93.75,92.86,14.06,3.75,3.75,7.5,31.88,26.25,0.0,0.0,0.0,1.88,0.94
1102392,O. Sejer Lauritsen,Brøndby U19,"Brøndby U19 - Midtjylland U19, 4 - 0","August 27, 2024 at 12:30:00 PM GMT+2",['rcb'],74,1.22,50.0,0.0,0.0,44.44,100.0,0.0,0.0,17.03,1.22,0.0,1.22,42.86,69.7,13.38,8.51,1.22,9.73,21.89,13.38,0.0,0.0,0.0,0.0,0.0
1063071,J. Arinze,Midtjylland U19,"Brøndby U19 - Midtjylland U19, 4 - 0","August 27, 2024 at 12:30:00 PM GMT+2",['amf'],47,1.91,100.0,0.0,0.0,40.0,33.33,0.0,3.83,9.57,0.0,0.0,5.74,80.0,68.42,11.49,3.83,5.74,7.66,13.4,7.66,7.66,2.02,0.0,1.91,0.0
960301,L. Selin,Midtjylland U19,"Brøndby U19 - Midtjylland U19, 4 - 0","August 27, 2024 at 12:30:00 PM GMT+2",['gk'],93,0.0,0.0,0.0,0.0,0.0,0.0,0.0,0.0,0.97,0.0,0.0,0.0,100.0,100.0,3.87,1.94,0.0,1.94,13.55,13.55,0.0,0.0,0.0,0.0,0.0
954382,G. Nøhr,Brøndby U19,"Brøndby U19 - Midtjylland U19, 4 - 0","August 27, 2024 at 12:30:00 PM GMT+2",['ldmf'],93,4.84,33.33,0.0,0.0,38.89,83.33,0.0,0.97,8.71,0.0,0.0,5.81,66.67,80.0,11.61,4.84,5.81,12.58,17.42,12.58,0.97,0.03,0.0,0.0,0.0
915266,B. Konteh Krubally,Midtjylland U19,"Brøndby U19 - Midtjylland U19, 4 - 0","August 27, 2024 at 12:30:00 PM GMT+2",['lcb3'],93,3.87,66.67,100.0,0.0,40.0,40.0,0.0,0.0,8.71,0.0,0.0,9.68,88.89,84.31,13.55,4.84,6.77,9.68,27.1,20.32,0.97,0.0,0.0,0.97,0.0
831766,O. Wettergren,Brøndby U19,"Brøndby U19 - Midtjylland U19, 4 - 0","August 27, 2024 at 12:30:00 PM GMT+2",['lb'],11,0.0,0.0,0.0,0.0,33.33,0.0,0.0,0.0,0.0,0.0,0.0,0.0,0.0,0.0,0.0,0.0,0.0,0.0,0.0,0.0,0.0,0.0,0.0,0.0,0.0
821112,M. Andersen,Brøndby U19,"Brøndby U19 - Midtjylland U19, 4 - 0","August 27, 2024 at 12:30:00 PM GMT+2","['lamf', 'ramf']",28,0.0,0.0,0.0,0.0,57.14,0.0,0.0,0.0,0.0,0.0,0.0,0.0,0.0,0.0,0.0,0.0,0.0,0.0,0.0,0.0,0.0,0.0,0.0,0.0,0.0
815708,R. Lynder,Brøndby U19,"Brøndby U19 - Midtjylland U19, 4 - 0","August 27, 2024 at 12:30:00 PM GMT+2",['rcb'],19,0.0,0.0,0.0,0.0,66.67,0.0,0.0,0.0,0.0,0.0,0.0,0.0,0.0,0.0,0.0,0.0,0.0,0.0,0.0,0.0,0.0,0.0,0.0,0.0,0.0
769261,M. Pimpong,Midtjylland U19,"Brøndby U19 - Midtjylland U19, 4 - 0","August 27, 2024 at 12:30:00 PM GMT+2",['cf'],47,0.0,50.0,0.0,0.0,33.33,0.0,0.0,0.0,0.0,0.0,0.0,0.0,0.0,83.33,3.83,0.0,0.0,0.0,5.74,3.83,9.57,1.04,0.0,1.91,0.0
769201,J. Ambæk,Brøndby U19,"Brøndby U19 - Midtjylland U19, 4 - 0","August 27, 2024 at 12:30:00 PM GMT+2",['cf'],82,6.59,20.0,0.0,1.1,21.05,85.71,0.08,0.0,4.39,1.1,0.0,7.68,75.0,60.0,2.2,1.1,3.29,4.39,5.49,3.29,3.29,0.84,1.1,1.1,1.1
766625,J. Remark Wismann,Brøndby U19,"Brøndby U19 - Midtjylland U19, 4 - 0","August 27, 2024 at 12:30:00 PM GMT+2",['amf'],19,0.0,0.0,0.0,0.0,33.33,0.0,0.0,0.0,0.0,0.0,0.0,0.0,0.0,0.0,0.0,0.0,0.0,0.0,0.0,0.0,0.0,0.0,0.0,0.0,0.0
766619,W. Sonne,Brøndby U19,"Brøndby U19 - Midtjylland U19, 4 - 0","August 27, 2024 at 12:30:00 PM GMT+2",['gk'],93,0.97,0.0,0.0,0.0,0.0,50.0,0.0,0.0,18.39,0.0,0.0,1.94,57.89,80.0,2.9,0.97,0.0,0.97,37.74,28.06,0.0,0.0,0.0,0.0,0.0
748632,J. Emefile,Midtjylland U19,"Brøndby U19 - Midtjylland U19, 4 - 0","August 27, 2024 at 12:30:00 PM GMT+2",['lwf'],46,0.0,100.0,0.0,0.0,50.0,0.0,0.0,0.0,1.96,1.96,0.0,0.0,100.0,100.0,0.0,0.0,3.91,3.91,3.91,3.91,0.0,0.0,0.0,0.0,0.0
742110,P. Søndergaard,Brøndby U19,"Brøndby U19 - Midtjylland U19, 4 - 0","August 27, 2024 at 12:30:00 PM GMT+2",['lcb'],93,1.94,50.0,0.0,0.97,42.86,66.67,0.0,0.0,16.45,1.94,0.0,2.9,47.06,71.43,12.58,18.39,6.77,25.16,34.84,22.26,0.0,0.0,0.0,0.0,0.0
740536,W. Jensen,Midtjylland U19,"Brøndby U19 - Midtjylland U19, 4 - 0","August 27, 2024 at 12:30:00 PM GMT+2",['rwb'],47,1.91,0.0,0.0,0.0,0.0,50.0,1.5,11.49,17.23,3.83,0.0,3.83,100.0,75.0,1.91,0.0,5.74,1.91,13.4,11.49,3.83,0.0,0.0,5.74,7.66
738382,D. Catak,Midtjylland U19,"Brøndby U19 - Midtjylland U19, 4 - 0","August 27, 2024 at 12:30:00 PM GMT+2",['lcmf'],28,0.0,0.0,0.0,0.0,60.0,0.0,0.0,0.0,0.0,0.0,0.0,0.0,0.0,0.0,0.0,0.0,0.0,0.0,0.0,0.0,0.0,0.0,0.0,0.0,0.0
719135,W. Bjergfeldt,Brøndby U19,"Brøndby U19 - Midtjylland U19, 4 - 0","August 27, 2024 at 12:30:00 PM GMT+2",['rb'],93,0.97,0.0,50.0,0.0,28.57,100.0,0.0,0.0,7.74,0.0,0.0,0.97,37.5,81.25,9.68,14.52,7.74,22.26,9.68,5.81,0.97,0.07,0.0,1.94,0.0
685726,C. Jørgensen,Midtjylland U19,"Brøndby U19 - Midtjylland U19, 4 - 0","August 27, 2024 at 12:30:00 PM GMT+2","['rwf', 'rcmf', 'lcmf']",93,5.81,0.0,0.0,0.0,46.15,75.0,0.0,2.9,7.74,0.0,0.0,7.74,87.5,74.07,7.74,2.9,2.9,4.84,10.65,7.74,1.94,0.05,0.0,1.94,0.0
683024,N. Tornvig,Midtjylland U19,"Brøndby U19 - Midtjylland U19, 4 - 0","August 27, 2024 at 12:30:00 PM GMT+2",['cf'],46,0.0,100.0,100.0,0.0,50.0,0.0,0.0,0.0,0.0,0.0,0.0,0.0,0.0,85.71,1.96,0.0,0.0,0.0,0.0,0.0,3.91,0.58,0.0,1.96,0.0
682117,S. Johannesen,Midtjylland U19,"Brøndby U19 - Midtjylland U19, 4 - 0","August 27, 2024 at 12:30:00 PM GMT+2","['cf', 'lcmf']",93,2.9,100.0,0.0,0.0,33.33,60.0,0.46,2.9,2.9,2.9,0.0,4.84,100.0,65.71,5.81,0.97,3.87,3.87,8.71,4.84,8.71,0.65,0.0,2.9,2.9
682113,M. Konradsen,Midtjylland U19,"Brøndby U19 - Midtjylland U19, 4 - 0","August 27, 2024 at 12:30:00 PM GMT+2",['rcb3'],93,1.94,33.33,0.0,0.0,60.0,33.33,0.0,3.87,7.74,4.84,0.0,5.81,37.5,70.45,13.55,3.87,9.68,11.61,19.35,11.61,0.0,0.0,0.0,0.0,0.0
682106,S. Kristiansen,Midtjylland U19,"Brøndby U19 - Midtjylland U19, 4 - 0","August 27, 2024 at 12:30:00 PM GMT+2",['lwb'],46,9.78,0.0,0.0,0.0,40.0,71.43,0.7,9.78,19.57,5.87,0.0,13.7,90.0,75.0,5.87,0.0,3.91,5.87,19.57,9.78,1.96,0.12,0.0,5.87,7.83
682103,G. Bjerge,Midtjylland U19,"Brøndby U19 - Midtjylland U19, 4 - 0","August 27, 2024 at 12:30:00 PM GMT+2",['cb'],93,9.68,83.33,0.0,0.0,54.55,83.33,0.0,0.0,12.58,5.81,0.0,11.61,76.92,82.81,14.52,1.94,2.9,4.84,25.16,18.39,1.94,0.19,0.0,1.94,0.0
680375,N. Jakobsen,Brøndby U19,"Brøndby U19 - Midtjylland U19, 4 - 0","August 27, 2024 at 12:30:00 PM GMT+2",['lamf'],65,0.0,40.0,66.67,0.0,40.0,0.0,0.0,0.0,5.54,1.38,0.0,1.38,25.0,73.68,5.54,4.15,9.69,9.69,5.54,4.15,5.54,0.58,0.0,4.15,0.0
679657,J. Agyekum,Brøndby U19,"Brøndby U19 - Midtjylland U19, 4 - 0","August 27, 2024 at 12:30:00 PM GMT+2",['ramf'],82,1.1,0.0,55.56,0.0,36.36,50.0,0.57,2.2,3.29,5.49,0.0,2.2,33.33,77.42,6.59,4.39,14.27,12.07,7.68,3.29,7.68,0.2,1.1,6.59,2.2
678057,A. Lodberg,Midtjylland U19,"Brøndby U19 - Midtjylland U19, 4 - 0","August 27, 2024 at 12:30:00 PM GMT+2","['lwb', 'rwb']",93,2.9,0.0,50.0,0.0,42.86,50.0,0.26,12.58,10.65,4.84,0.0,5.81,81.82,60.47,4.84,1.94,0.97,2.9,13.55,6.77,4.84,0.2,0.0,5.81,2.9
639696,L. Nielsen,Midtjylland U19,"Brøndby U19 - Midtjylland U19, 4 - 0","August 27, 2024 at 12:30:00 PM GMT+2",['rcmf'],65,13.85,0.0,100.0,0.0,40.0,90.91,0.27,0.0,13.85,2.77,0.0,15.23,90.0,87.5,16.62,0.0,11.08,9.69,23.54,20.77,0.0,0.0,0.0,1.38,2.77
634301,A. Claridge,Brøndby U19,"Brøndby U19 - Midtjylland U19, 4 - 0","August 27, 2024 at 12:30:00 PM GMT+2",['rdmf'],93,5.81,0.0,100.0,0.0,28.57,75.0,0.0,0.97,7.74,0.97,0.0,7.74,75.0,88.46,8.71,7.74,8.71,14.52,13.55,10.65,0.97,0.0,0.0,1.94,0.0
632570,L. Larsen,Brøndby U19,"Brøndby U19 - Midtjylland U19, 4 - 0","August 27, 2024 at 12:30:00 PM GMT+2","['lb', 'lamf']",93,0.97,20.0,50.0,0.0,52.17,50.0,0.0,3.87,4.84,3.87,0.97,1.94,80.0,75.68,5.81,4.84,4.84,7.74,5.81,2.9,5.81,0.79,0.0,7.74,0.0
629040,M. Beyer,Brøndby U19,"Brøndby U19 - Midtjylland U19, 4 - 0","August 27, 2024 at 12:30:00 PM GMT+2",['cf'],11,0.0,0.0,0.0,0.0,0.0,0.0,0.0,0.0,0.0,0.0,0.0,0.0,0.0,0.0,0.0,0.0,0.0,0.0,0.0,0.0,0.0,0.0,0.0,0.0,0.0
625215,M. Jensen,Brøndby U19,"Brøndby U19 - Midtjylland U19, 4 - 0","August 27, 2024 at 12:30:00 PM GMT+2",['amf'],74,6.08,50.0,0.0,0.0,35.0,100.0,0.27,1.22,10.95,1.22,0.0,6.08,66.67,79.17,9.73,0.0,13.38,10.95,14.59,10.95,0.0,0.08,0.0,0.0,1.22
905838,E. Bramsen,Randers U19,"AaB U19 - Randers U19, 0 - 3","August 24, 2024 at 1:00:00 PM GMT+2",['lb'],21,0.0,0.0,0.0,0.0,66.67,0.0,0.0,0.0,0.0,0.0,0.0,0.0,0.0,0.0,0.0,0.0,0.0,0.0,0.0,0.0,0.0,0.0,0.0,0.0,0.0
841203,M. Jensen,AaB U19,"AaB U19 - Randers U19, 0 - 3","August 24, 2024 at 1:00:00 PM GMT+2",['lb'],59,4.58,0.0,100.0,0.0,37.5,75.0,0.0,3.05,9.15,1.53,0.0,6.1,66.67,77.78,13.73,4.58,9.15,10.68,7.63,6.1,1.53,0.0,0.0,1.53,0.0
813589,N. Stojanovic,AaB U19,"AaB U19 - Randers U19, 0 - 3","August 24, 2024 at 1:00:00 PM GMT+2",['cf'],9,0.0,0.0,0.0,0.0,0.0,0.0,0.0,0.0,0.0,0.0,0.0,0.0,0.0,0.0,0.0,0.0,0.0,0.0,0.0,0.0,0.0,0.0,0.0,0.0,0.0
789788,B. Skovgaard,AaB U19,"AaB U19 - Randers U19, 0 - 3","August 24, 2024 at 1:00:00 PM GMT+2",['cf'],85,0.0,50.0,0.0,0.0,40.0,0.0,0.0,0.0,1.06,0.0,0.0,0.0,100.0,77.78,2.12,1.06,7.41,6.35,1.06,1.06,1.06,0.01,0.0,0.0,0.0
782515,J. Pedersen,Randers U19,"AaB U19 - Randers U19, 0 - 3","August 24, 2024 at 1:00:00 PM GMT+2",['cf'],21,0.0,0.0,0.0,0.0,40.0,0.0,0.0,0.0,0.0,0.0,0.0,0.0,0.0,0.0,0.0,0.0,0.0,0.0,0.0,0.0,0.0,0.0,0.0,0.0,0.0
766605,A. Riiser,Randers U19,"AaB U19 - Randers U19, 0 - 3","August 24, 2024 at 1:00:00 PM GMT+2","['rw', 'lw']",26,0.0,0.0,0.0,0.0,12.5,0.0,0.0,0.0,0.0,0.0,0.0,0.0,0.0,0.0,0.0,0.0,0.0,0.0,0.0,0.0,0.0,0.0,0.0,0.0,0.0
766597,B. Andersen,Randers U19,"AaB U19 - Randers U19, 0 - 3","August 24, 2024 at 1:00:00 PM GMT+2",['cf'],74,1.22,71.43,100.0,0.0,50.0,100.0,0.41,0.0,0.0,0.0,0.0,1.22,0.0,100.0,4.86,2.43,3.65,4.86,0.0,0.0,7.3,1.12,1.22,3.65,1.22
766594,M. Simonsen,Randers U19,"AaB U19 - Randers U19, 0 - 3","August 24, 2024 at 1:00:00 PM GMT+2",['gk'],94,0.0,0.0,0.0,0.96,0.0,0.0,0.0,0.0,2.87,0.0,0.0,1.91,33.33,73.91,2.87,1.91,0.0,1.91,11.49,5.74,0.0,0.0,0.0,0.0,0.0
766527,M. Samson,AaB U19,"AaB U19 - Randers U19, 0 - 3","August 24, 2024 at 1:00:00 PM GMT+2",['lcb'],94,1.91,25.0,0.0,0.0,33.33,100.0,0.01,0.0,13.4,0.0,0.0,1.91,64.29,89.47,6.7,4.79,6.7,10.53,32.55,25.85,0.0,0.0,0.0,0.0,0.96
764620,B. Clemmensen,Randers U19,"AaB U19 - Randers U19, 0 - 3","August 24, 2024 at 1:00:00 PM GMT+2",['rcb'],94,5.74,60.0,66.67,0.96,58.82,85.71,0.0,0.0,11.49,0.96,0.96,6.7,100.0,96.97,13.4,3.83,4.79,7.66,33.51,31.6,0.0,0.0,0.0,2.87,0.0
760810,V. Møller,AaB U19,"AaB U19 - Randers U19, 0 - 3","August 24, 2024 at 1:00:00 PM GMT+2",['ldmf'],94,1.91,0.0,100.0,0.96,14.29,100.0,0.0,0.0,2.87,0.0,0.0,1.91,100.0,89.66,0.0,1.91,6.7,4.79,9.57,7.66,2.87,0.26,0.0,2.87,0.0
760807,V. Fjeldgaard,AaB U19,"AaB U19 - Randers U19, 0 - 3","August 24, 2024 at 1:00:00 PM GMT+2",['ramf'],23,0.0,0.0,0.0,0.0,33.33,0.0,0.0,0.0,0.0,0.0,0.0,0.0,0.0,0.0,0.0,0.0,0.0,0.0,0.0,0.0,0.0,0.0,0.0,0.0,0.0
760805,B. Pihl Jørgensen,AaB U19,"AaB U19 - Randers U19, 0 - 3","August 24, 2024 at 1:00:00 PM GMT+2",['ramf'],71,0.0,0.0,0.0,0.0,11.11,0.0,0.0,0.0,5.07,1.27,0.0,0.0,50.0,66.67,6.34,1.27,10.14,10.14,6.34,2.54,1.27,0.0,0.0,0.0,0.0
748634,F. Konstmann,Randers U19,"AaB U19 - Randers U19, 0 - 3","August 24, 2024 at 1:00:00 PM GMT+2",['lb'],74,2.43,0.0,50.0,0.0,42.11,100.0,0.77,4.86,6.08,6.08,1.22,2.43,80.0,87.18,10.95,6.08,8.51,14.59,10.95,8.51,2.43,0.0,4.86,6.08,6.08
746626,B. Grønkjær,AaB U19,"AaB U19 - Randers U19, 0 - 3","August 24, 2024 at 1:00:00 PM GMT+2",['gk'],94,0.0,0.0,0.0,0.0,0.0,0.0,0.0,0.0,3.83,0.0,0.0,0.0,75.0,96.67,5.74,0.96,0.0,0.96,8.62,7.66,0.0,0.0,0.0,0.0,0.0
743450,M. Larsson,Randers U19,"AaB U19 - Randers U19, 0 - 3","August 24, 2024 at 1:00:00 PM GMT+2",['rw'],74,0.0,0.0,0.0,0.0,33.33,0.0,0.97,3.65,3.65,0.0,0.0,0.0,66.67,69.23,6.08,1.22,10.95,10.95,4.86,3.65,1.22,0.0,2.43,2.43,3.65
738329,C. Tcacenco,AaB U19,"AaB U19 - Randers U19, 0 - 3","August 24, 2024 at 1:00:00 PM GMT+2",['rdmf'],94,5.74,0.0,100.0,0.0,33.33,85.71,0.21,0.96,4.79,0.0,0.0,6.7,40.0,89.47,4.79,5.74,7.66,9.57,15.32,10.53,0.96,0.0,0.0,1.91,1.91
706958,O. Kahr,Randers U19,"AaB U19 - Randers U19, 0 - 3","August 24, 2024 at 1:00:00 PM GMT+2",['lw'],21,0.0,0.0,0.0,0.0,25.0,0.0,0.0,0.0,0.0,0.0,0.0,0.0,0.0,0.0,0.0,0.0,0.0,0.0,0.0,0.0,0.0,0.0,0.0,0.0,0.0
705904,L. Mandal Andersen,Randers U19,"AaB U19 - Randers U19, 0 - 3","August 24, 2024 at 1:00:00 PM GMT+2",['rcmf'],94,4.79,100.0,50.0,0.0,41.18,55.56,0.0,2.87,6.7,0.0,0.0,8.62,100.0,84.38,9.57,2.87,7.66,5.74,19.15,14.36,0.96,0.03,0.0,3.83,0.0
703499,F. Nygaard,AaB U19,"AaB U19 - Randers U19, 0 - 3","August 24, 2024 at 1:00:00 PM GMT+2",['lb'],35,0.0,0.0,0.0,0.0,33.33,0.0,0.0,0.0,0.0,0.0,0.0,0.0,0.0,0.0,0.0,0.0,0.0,0.0,0.0,0.0,0.0,0.0,0.0,0.0,0.0
692842,N. Andersen,AaB U19,"AaB U19 - Randers U19, 0 - 3","August 24, 2024 at 1:00:00 PM GMT+2",['amf'],59,6.1,0.0,0.0,0.0,14.29,100.0,0.0,0.0,7.63,1.53,0.0,6.1,80.0,92.0,6.1,3.05,3.05,3.05,12.2,10.68,0.0,0.0,0.0,0.0,0.0
682112,M. Ritter,AaB U19,"AaB U19 - Randers U19, 0 - 3","August 24, 2024 at 1:00:00 PM GMT+2",['amf'],35,0.0,0.0,0.0,0.0,38.46,0.0,0.0,0.0,0.0,0.0,0.0,0.0,0.0,0.0,0.0,0.0,0.0,0.0,0.0,0.0,0.0,0.0,0.0,0.0,0.0
679420,A. Diagne,AaB U19,"AaB U19 - Randers U19, 0 - 3","August 24, 2024 at 1:00:00 PM GMT+2",['lamf'],94,5.74,0.0,62.5,1.91,67.57,75.0,0.01,1.91,6.7,15.32,0.96,7.66,71.43,81.25,8.62,1.91,7.66,6.7,14.36,9.57,2.87,0.06,0.96,9.57,0.96
679218,E. Borup,AaB U19,"AaB U19 - Randers U19, 0 - 3","August 24, 2024 at 1:00:00 PM GMT+2",['rb'],94,6.7,0.0,100.0,1.91,35.71,70.0,0.0,1.91,12.45,0.0,0.0,9.57,61.54,82.35,10.53,2.87,8.62,8.62,28.72,21.06,0.0,0.0,0.0,0.96,0.0
679215,M. Kjølby,AaB U19,"AaB U19 - Randers U19, 0 - 3","August 24, 2024 at 1:00:00 PM GMT+2",['rcb'],94,0.96,30.0,100.0,0.0,45.0,100.0,0.05,0.0,0.96,0.0,0.0,0.96,100.0,96.55,6.7,1.91,4.79,6.7,11.49,11.49,0.96,0.0,0.96,1.91,0.96
678996,A. Risgaard,Randers U19,"AaB U19 - Randers U19, 0 - 3","August 24, 2024 at 1:00:00 PM GMT+2",['lw'],68,1.32,100.0,100.0,0.0,50.0,100.0,0.0,2.65,2.65,2.65,1.32,1.32,100.0,90.32,3.97,1.32,3.97,3.97,5.29,2.65,5.29,0.59,0.0,11.91,0.0
678994,W. Køhler Simonsen,Randers U19,"AaB U19 - Randers U19, 0 - 3","August 24, 2024 at 1:00:00 PM GMT+2",['rb'],94,1.91,66.67,50.0,0.0,37.5,66.67,0.11,6.7,13.4,0.96,0.0,2.87,57.14,78.0,8.62,1.91,12.45,9.57,11.49,6.7,0.0,0.02,0.96,4.79,0.96
678661,M. Albæk,Randers U19,"AaB U19 - Randers U19, 0 - 3","August 24, 2024 at 1:00:00 PM GMT+2",['lcmf'],82,2.2,0.0,0.0,0.0,41.18,66.67,0.0,0.0,5.49,3.29,0.0,3.29,60.0,86.49,10.98,5.49,7.68,8.78,10.98,7.68,1.1,0.0,0.0,1.1,0.0
678068,R. Rexhepi,Randers U19,"AaB U19 - Randers U19, 0 - 3","August 24, 2024 at 1:00:00 PM GMT+2",['cf'],94,0.96,66.67,0.0,0.96,30.43,33.33,0.12,0.0,1.91,0.0,0.0,2.87,0.0,76.19,4.79,2.87,6.7,5.74,3.83,1.91,7.66,1.34,0.96,3.83,1.91
630982,M. Henning,Randers U19,"AaB U19 - Randers U19, 0 - 3","August 24, 2024 at 1:00:00 PM GMT+2",['lcmf'],12,0.0,0.0,0.0,0.0,33.33,0.0,0.0,0.0,0.0,0.0,0.0,0.0,0.0,0.0,0.0,0.0,0.0,0.0,0.0,0.0,0.0,0.0,0.0,0.0,0.0
624699,C. Østergaard,Randers U19,"AaB U19 - Randers U19, 0 - 3","August 24, 2024 at 1:00:00 PM GMT+2",['lcb'],94,2.87,50.0,40.0,0.0,52.63,60.0,0.0,0.0,5.74,0.0,0.0,4.79,50.0,84.62,8.62,3.83,5.74,9.57,14.36,9.57,1.91,0.04,0.0,1.91,0.0
845791,T. Di Carlo,Lyngby U19,"Lyngby U19 - Esbjerg U19, 1 - 1 (P)","August 24, 2024 at 1:00:00 PM GMT+2",['lcmf'],13,0.0,0.0,0.0,0.0,0.0,0.0,0.0,0.0,0.0,0.0,0.0,0.0,0.0,0.0,0.0,0.0,0.0,0.0,0.0,0.0,0.0,0.0,0.0,0.0,0.0
835759,B. Baldursson,Esbjerg U19,"Lyngby U19 - Esbjerg U19, 1 - 1 (P)","August 24, 2024 at 1:00:00 PM GMT+2",['dmf'],94,5.74,100.0,0.0,0.0,13.33,75.0,0.0,0.96,9.57,0.96,0.0,7.66,80.0,86.96,8.62,4.79,10.53,8.62,19.15,15.32,0.0,0.0,0.0,0.0,0.0
811533,H. Heidarali,Lyngby U19,"Lyngby U19 - Esbjerg U19, 1 - 1 (P)","August 24, 2024 at 1:00:00 PM GMT+2",['lb'],46,0.0,0.0,0.0,0.0,44.44,0.0,0.0,3.91,3.91,1.96,0.0,0.0,50.0,90.0,3.91,5.87,1.96,5.87,3.91,3.91,0.0,0.0,0.0,1.96,0.0
788208,T. Nilsson,Lyngby U19,"Lyngby U19 - Esbjerg U19, 1 - 1 (P)","August 24, 2024 at 1:00:00 PM GMT+2",['rcb'],13,0.0,0.0,0.0,0.0,33.33,0.0,0.0,0.0,0.0,0.0,0.0,0.0,0.0,0.0,0.0,0.0,0.0,0.0,0.0,0.0,0.0,0.0,0.0,0.0,0.0
769403,J. Otoa,Lyngby U19,"Lyngby U19 - Esbjerg U19, 1 - 1 (P)","August 24, 2024 at 1:00:00 PM GMT+2",['cf'],46,0.0,0.0,100.0,1.96,25.0,0.0,0.0,1.96,0.0,1.96,0.0,0.0,0.0,75.0,0.0,1.96,1.96,1.96,1.96,0.0,0.0,0.06,0.0,3.91,0.0
768987,A. Drexel,Esbjerg U19,"Lyngby U19 - Esbjerg U19, 1 - 1 (P)","August 24, 2024 at 1:00:00 PM GMT+2",['gk'],94,0.0,100.0,0.0,0.0,100.0,0.0,0.0,0.0,4.79,0.0,0.0,0.0,80.0,96.88,5.74,1.91,0.0,1.91,12.45,11.49,0.0,0.0,0.0,0.0,0.0
767223,J. Jensen,Esbjerg U19,"Lyngby U19 - Esbjerg U19, 1 - 1 (P)","August 24, 2024 at 1:00:00 PM GMT+2",['lcmf'],94,3.83,60.0,0.0,0.0,41.67,80.0,0.05,0.96,4.79,0.96,0.0,4.79,80.0,76.92,5.74,3.83,7.66,9.57,8.62,5.74,1.91,0.31,0.96,0.0,0.96
766792,A. Aslani,Lyngby U19,"Lyngby U19 - Esbjerg U19, 1 - 1 (P)","August 24, 2024 at 1:00:00 PM GMT+2",['rcb'],81,5.56,0.0,0.0,0.0,36.84,83.33,0.0,0.0,14.44,1.11,0.0,6.67,61.54,91.18,8.89,5.56,10.0,15.56,23.33,21.11,1.11,0.0,0.0,0.0,0.0
766791,V. Lykke,Lyngby U19,"Lyngby U19 - Esbjerg U19, 1 - 1 (P)","August 24, 2024 at 1:00:00 PM GMT+2",['rb'],94,4.79,75.0,66.67,0.0,75.0,83.33,0.0,0.0,4.79,1.91,0.0,5.74,60.0,90.24,11.49,5.74,2.87,8.62,10.53,9.57,0.0,0.05,0.0,1.91,0.0
766612,M. Engsted,Esbjerg U19,"Lyngby U19 - Esbjerg U19, 1 - 1 (P)","August 24, 2024 at 1:00:00 PM GMT+2",['lw'],64,1.41,16.67,0.0,0.0,15.38,100.0,0.0,1.41,4.22,0.0,0.0,1.41,100.0,84.62,1.41,0.0,2.81,0.0,2.81,2.81,0.0,0.0,1.41,1.41,0.0
766591,E. Larsen,Esbjerg U19,"Lyngby U19 - Esbjerg U19, 1 - 1 (P)","August 24, 2024 at 1:00:00 PM GMT+2",['rb'],94,3.83,66.67,0.0,0.0,31.82,100.0,0.31,3.83,6.7,2.87,0.96,3.83,85.71,87.5,4.79,3.83,11.49,10.53,13.4,12.45,2.87,0.09,0.96,1.91,0.96
766588,R. Zwinge,Esbjerg U19,"Lyngby U19 - Esbjerg U19, 1 - 1 (P)","August 24, 2024 at 1:00:00 PM GMT+2",['lcb'],94,3.83,66.67,0.0,0.0,31.82,100.0,0.0,0.0,13.4,0.0,0.0,3.83,92.86,94.55,8.62,3.83,12.45,12.45,23.94,22.98,0.96,0.02,0.0,0.0,0.0
765988,M. Kruse,Esbjerg U19,"Lyngby U19 - Esbjerg U19, 1 - 1 (P)","August 24, 2024 at 1:00:00 PM GMT+2",['rcmf'],94,0.96,0.0,100.0,0.0,33.33,100.0,0.06,0.96,2.87,4.79,0.0,0.96,100.0,91.67,7.66,3.83,8.62,9.57,5.74,5.74,2.87,0.09,0.96,2.87,0.96
765139,R. Flügge,Lyngby U19,"Lyngby U19 - Esbjerg U19, 1 - 1 (P)","August 24, 2024 at 1:00:00 PM GMT+2",['rw'],48,5.63,0.0,50.0,0.0,55.56,100.0,0.81,3.75,5.63,3.75,0.0,5.63,100.0,95.24,7.5,1.88,5.63,7.5,5.63,5.63,1.88,0.15,0.0,7.5,3.75
765134,V. Svenstrup,Lyngby U19,"Lyngby U19 - Esbjerg U19, 1 - 1 (P)","August 24, 2024 at 1:00:00 PM GMT+2",['lb'],48,7.5,50.0,0.0,0.0,50.0,100.0,0.0,1.88,13.13,0.0,0.0,7.5,85.71,94.29,11.25,1.88,1.88,3.75,28.13,26.25,1.88,0.08,0.0,1.88,0.0
762320,V. Andersen,Lyngby U19,"Lyngby U19 - Esbjerg U19, 1 - 1 (P)","August 24, 2024 at 1:00:00 PM GMT+2",['gk'],94,0.0,0.0,0.0,0.0,0.0,0.0,0.0,0.0,3.83,0.0,0.0,0.0,75.0,97.14,2.87,0.0,0.0,0.0,12.45,11.49,0.0,0.0,0.0,0.0,0.0
750795,A. Lund Jørgensen,Esbjerg U19,"Lyngby U19 - Esbjerg U19, 1 - 1 (P)","August 24, 2024 at 1:00:00 PM GMT+2",['cf'],30,0.0,0.0,0.0,0.0,16.67,0.0,0.0,0.0,0.0,0.0,0.0,0.0,0.0,0.0,0.0,0.0,0.0,0.0,0.0,0.0,0.0,0.0,0.0,0.0,0.0
705613,W. Steindorsson,Lyngby U19,"Lyngby U19 - Esbjerg U19, 1 - 1 (P)","August 24, 2024 at 1:00:00 PM GMT+2","['cf', 'rw']",94,0.0,66.67,40.0,0.96,53.85,0.0,0.43,3.83,0.96,4.79,0.0,0.0,100.0,76.0,6.7,0.96,6.7,4.79,2.87,0.96,8.62,0.07,1.91,3.83,3.83
686537,A. Jørgensen,Lyngby U19,"Lyngby U19 - Esbjerg U19, 1 - 1 (P)","August 24, 2024 at 1:00:00 PM GMT+2",['lcmf'],81,4.44,0.0,66.67,0.0,57.89,80.0,0.09,2.22,6.67,1.11,1.11,5.56,100.0,88.37,6.67,5.56,4.44,10.0,8.89,5.56,1.11,0.0,1.11,2.22,1.11
684701,B. Andersen Magui,Lyngby U19,"Lyngby U19 - Esbjerg U19, 1 - 1 (P)","August 24, 2024 at 1:00:00 PM GMT+2",['cf'],94,0.0,66.67,33.33,0.0,50.0,0.0,0.03,0.96,0.96,0.96,0.0,0.0,100.0,90.91,1.91,0.0,2.87,1.91,3.83,3.83,2.87,0.64,0.96,2.87,0.96
684698,M. Kaarsbo,Lyngby U19,"Lyngby U19 - Esbjerg U19, 1 - 1 (P)","August 24, 2024 at 1:00:00 PM GMT+2",['rcmf'],94,0.96,50.0,0.0,0.96,31.58,12.5,0.01,0.96,4.79,0.0,0.0,7.66,60.0,86.79,3.83,2.87,7.66,7.66,11.49,4.79,2.87,0.04,0.0,0.96,0.96
679653,P. Nielsen,Esbjerg U19,"Lyngby U19 - Esbjerg U19, 1 - 1 (P)","August 24, 2024 at 1:00:00 PM GMT+2",['lw'],30,0.0,0.0,0.0,0.0,50.0,0.0,0.0,0.0,0.0,0.0,0.0,0.0,0.0,0.0,0.0,0.0,0.0,0.0,0.0,0.0,0.0,0.0,0.0,0.0,0.0
679646,M. Henriksen,Lyngby U19,"Lyngby U19 - Esbjerg U19, 1 - 1 (P)","August 24, 2024 at 1:00:00 PM GMT+2",['lcb'],94,5.74,100.0,0.0,0.0,44.44,66.67,0.0,0.0,9.57,0.96,0.0,8.62,80.0,94.19,10.53,4.79,5.74,6.7,25.85,22.02,0.0,0.0,0.0,0.0,0.0
679276,K. Pedersen,Esbjerg U19,"Lyngby U19 - Esbjerg U19, 1 - 1 (P)","August 24, 2024 at 1:00:00 PM GMT+2",['rw'],94,0.96,50.0,0.0,0.0,24.14,100.0,0.01,2.87,2.87,0.0,0.0,0.96,100.0,83.33,6.7,2.87,10.53,8.62,7.66,7.66,0.96,0.03,0.0,1.91,0.96
679272,A. Cehobasic,Esbjerg U19,"Lyngby U19 - Esbjerg U19, 1 - 1 (P)","August 24, 2024 at 1:00:00 PM GMT+2",['cf'],64,2.81,0.0,50.0,0.0,60.0,40.0,0.0,0.0,5.63,0.0,0.0,7.03,50.0,77.27,2.81,0.0,0.0,0.0,8.44,4.22,2.81,0.09,0.0,2.81,0.0
679269,M. Svane,Esbjerg U19,"Lyngby U19 - Esbjerg U19, 1 - 1 (P)","August 24, 2024 at 1:00:00 PM GMT+2",['lb'],94,1.91,66.67,66.67,0.0,31.58,100.0,0.12,1.91,6.7,0.96,0.0,1.91,42.86,76.47,6.7,4.79,9.57,14.36,11.49,6.7,0.0,0.0,1.91,2.87,2.87
679266,E. Omerovic,Esbjerg U19,"Lyngby U19 - Esbjerg U19, 1 - 1 (P)","August 24, 2024 at 1:00:00 PM GMT+2",['rcb'],94,1.91,0.0,0.0,0.0,37.5,66.67,0.0,0.0,3.83,0.0,0.0,2.87,100.0,96.97,5.74,1.91,6.7,5.74,10.53,9.57,0.96,0.0,0.0,0.0,0.0
629044,E. Thor,Lyngby U19,"Lyngby U19 - Esbjerg U19, 1 - 1 (P)","August 24, 2024 at 1:00:00 PM GMT+2",['lw'],94,0.96,0.0,33.33,0.0,42.86,50.0,0.16,0.96,1.91,1.91,0.0,1.91,100.0,72.22,1.91,2.87,2.87,4.79,3.83,3.83,3.83,0.27,0.96,1.91,2.87
1107710,P. Arvid Rolke,Horsens U19,"Silkeborg U19 - Horsens U19, 1 - 1 (P)","August 24, 2024 at 1:00:00 PM GMT+2","['rdmf', 'rcb3', 'rcmf']",101,2.67,50.0,33.33,0.0,27.27,60.0,0.15,0.0,4.46,0.0,0.0,4.46,100.0,96.08,8.02,2.67,8.91,7.13,11.58,10.69,2.67,0.02,0.89,0.89,2.67
1100469,E. Favor Fully,Horsens U19,"Silkeborg U19 - Horsens U19, 1 - 1 (P)","August 24, 2024 at 1:00:00 PM GMT+2",['lcb3'],16,0.0,0.0,0.0,0.0,40.0,0.0,0.0,0.0,0.0,0.0,0.0,0.0,0.0,0.0,0.0,0.0,0.0,0.0,0.0,0.0,0.0,0.0,0.0,0.0,0.0
1100458,Y. Ouorou,Horsens U19,"Silkeborg U19 - Horsens U19, 1 - 1 (P)","August 24, 2024 at 1:00:00 PM GMT+2","['ramf', 'rw', 'cf']",85,3.18,50.0,100.0,0.0,33.33,100.0,0.19,2.12,5.29,1.06,0.0,3.18,80.0,83.33,5.29,3.18,3.18,6.35,4.24,3.18,2.12,0.01,1.06,3.18,1.06
1100439,A. Moro,Horsens U19,"Silkeborg U19 - Horsens U19, 1 - 1 (P)","August 24, 2024 at 1:00:00 PM GMT+2",['rcmf'],34,0.0,0.0,0.0,0.0,33.33,0.0,0.0,0.0,0.0,0.0,0.0,0.0,0.0,0.0,0.0,0.0,0.0,0.0,0.0,0.0,0.0,0.0,0.0,0.0,0.0
1100434,E. A´Ngon,Horsens U19,"Silkeborg U19 - Horsens U19, 1 - 1 (P)","August 24, 2024 at 1:00:00 PM GMT+2","['lcb', 'lcb3', 'cb']",101,4.46,0.0,0.0,2.67,28.57,45.45,0.0,0.0,8.02,0.89,0.0,9.8,66.67,79.59,1.78,0.89,5.35,3.56,19.6,11.58,0.89,0.06,0.0,0.0,0.0
1100378,S. Dalby Wille,Horsens U19,"Silkeborg U19 - Horsens U19, 1 - 1 (P)","August 24, 2024 at 1:00:00 PM GMT+2",['gk'],101,0.89,100.0,0.0,0.0,100.0,100.0,0.0,0.0,8.02,0.0,0.0,0.89,77.78,90.32,5.35,1.78,0.0,1.78,15.15,12.48,0.0,0.0,0.0,0.0,0.0
1075030,A. Arouna,Horsens U19,"Silkeborg U19 - Horsens U19, 1 - 1 (P)","August 24, 2024 at 1:00:00 PM GMT+2",['cf'],28,0.0,0.0,0.0,0.0,0.0,0.0,0.0,0.0,0.0,0.0,0.0,0.0,0.0,0.0,0.0,0.0,0.0,0.0,0.0,0.0,0.0,0.0,0.0,0.0,0.0
983588,V. Dahl,Silkeborg U19,"Silkeborg U19 - Horsens U19, 1 - 1 (P)","August 24, 2024 at 1:00:00 PM GMT+2","['rwf', 'rcmf3']",68,3.97,50.0,0.0,1.32,12.5,100.0,0.07,1.32,2.65,1.32,1.32,3.97,100.0,90.63,0.0,0.0,3.97,0.0,9.26,5.29,1.32,0.0,0.0,0.0,1.32
905293,S. Traoré,Horsens U19,"Silkeborg U19 - Horsens U19, 1 - 1 (P)","August 24, 2024 at 1:00:00 PM GMT+2",['rw'],28,0.0,0.0,0.0,0.0,54.55,0.0,0.0,0.0,0.0,0.0,0.0,0.0,0.0,0.0,0.0,0.0,0.0,0.0,0.0,0.0,0.0,0.0,0.0,0.0,0.0
842144,C. Risom,Silkeborg U19,"Silkeborg U19 - Horsens U19, 1 - 1 (P)","August 24, 2024 at 1:00:00 PM GMT+2",['gk'],101,0.0,0.0,0.0,0.89,50.0,0.0,0.0,0.0,1.78,0.0,0.0,0.0,50.0,93.33,1.78,0.0,0.89,1.78,13.37,11.58,0.0,0.0,0.0,0.0,0.0
817235,W. Møller,Silkeborg U19,"Silkeborg U19 - Horsens U19, 1 - 1 (P)","August 24, 2024 at 1:00:00 PM GMT+2","['lcb', 'lb']",101,3.56,66.67,0.0,0.0,55.56,80.0,0.0,0.89,9.8,3.56,0.0,4.46,90.91,92.75,8.91,4.46,4.46,8.02,15.15,14.26,0.0,0.0,0.0,0.0,0.0
762898,M. Frederiksen,Horsens U19,"Silkeborg U19 - Horsens U19, 1 - 1 (P)","August 24, 2024 at 1:00:00 PM GMT+2","['lcmf', 'ldmf']",101,4.46,100.0,75.0,0.0,52.94,83.33,0.0,0.0,6.24,0.0,0.0,5.35,100.0,94.44,7.13,1.78,4.46,7.13,6.24,6.24,0.89,0.02,0.0,2.67,0.0
761130,O. Mandrup,Horsens U19,"Silkeborg U19 - Horsens U19, 1 - 1 (P)","August 24, 2024 at 1:00:00 PM GMT+2",['cf'],73,1.23,100.0,100.0,1.23,80.0,50.0,0.0,1.23,0.0,2.47,1.23,2.47,0.0,75.0,1.23,0.0,0.0,0.0,2.47,1.23,4.93,0.14,0.0,2.47,1.23
761114,A. Mandrup,Horsens U19,"Silkeborg U19 - Horsens U19, 1 - 1 (P)","August 24, 2024 at 1:00:00 PM GMT+2","['lb', 'lb5']",101,1.78,100.0,100.0,0.0,37.5,100.0,0.0,0.89,4.46,1.78,0.89,1.78,60.0,78.13,11.58,8.02,4.46,13.37,8.91,6.24,0.89,0.0,0.0,1.78,0.0
760867,W. Kirk,Silkeborg U19,"Silkeborg U19 - Horsens U19, 1 - 1 (P)","August 24, 2024 at 1:00:00 PM GMT+2","['rcmf3', 'rwf']",94,4.79,0.0,100.0,0.0,20.0,83.33,0.12,0.0,5.74,0.96,0.0,5.74,100.0,92.31,4.79,0.96,8.62,6.7,13.4,11.49,1.91,0.15,0.0,1.91,0.96
760859,M. Øxenberg,Silkeborg U19,"Silkeborg U19 - Horsens U19, 1 - 1 (P)","August 24, 2024 at 1:00:00 PM GMT+2",['dmf'],101,9.8,50.0,0.0,0.89,36.36,84.62,0.06,0.0,10.69,1.78,0.0,11.58,66.67,91.67,5.35,5.35,5.35,8.02,25.84,21.39,0.0,0.0,0.0,0.0,0.89
760857,M. Søgaard Hansen,Silkeborg U19,"Silkeborg U19 - Horsens U19, 1 - 1 (P)","August 24, 2024 at 1:00:00 PM GMT+2",['cf'],50,0.0,0.0,0.0,0.0,22.22,0.0,0.0,0.0,1.8,0.0,0.0,1.8,0.0,63.64,0.0,1.8,0.0,1.8,0.0,0.0,0.0,0.0,0.0,0.0,0.0
752258,L. Risager Kristensen,Horsens U19,"Silkeborg U19 - Horsens U19, 1 - 1 (P)","August 24, 2024 at 1:00:00 PM GMT+2",['rb5'],16,0.0,0.0,0.0,0.0,50.0,0.0,0.0,0.0,0.0,0.0,0.0,0.0,0.0,0.0,0.0,0.0,0.0,0.0,0.0,0.0,0.0,0.0,0.0,0.0,0.0
751640,S. Christoffersen,Silkeborg U19,"Silkeborg U19 - Horsens U19, 1 - 1 (P)","August 24, 2024 at 1:00:00 PM GMT+2",['cf'],51,0.0,0.0,100.0,0.0,50.0,0.0,0.0,0.0,1.76,0.0,0.0,1.76,0.0,66.67,0.0,0.0,5.29,3.53,1.76,0.0,1.76,0.37,0.0,3.53,0.0
751267,L. Osmani,Horsens U19,"Silkeborg U19 - Horsens U19, 1 - 1 (P)","August 24, 2024 at 1:00:00 PM GMT+2",['amf'],39,0.0,0.0,0.0,0.0,28.57,0.0,0.0,0.0,0.0,0.0,0.0,0.0,0.0,0.0,0.0,0.0,0.0,0.0,0.0,0.0,0.0,0.0,0.0,0.0,0.0
742117,S. Stüker,Silkeborg U19,"Silkeborg U19 - Horsens U19, 1 - 1 (P)","August 24, 2024 at 1:00:00 PM GMT+2",['rb'],101,1.78,50.0,0.0,0.0,20.0,100.0,0.0,6.24,5.35,1.78,0.89,1.78,50.0,80.85,8.02,2.67,7.13,6.24,8.02,8.02,0.0,0.0,0.0,1.78,0.0
740103,M. Micha Jacobsen,Silkeborg U19,"Silkeborg U19 - Horsens U19, 1 - 1 (P)","August 24, 2024 at 1:00:00 PM GMT+2",['lcb'],50,3.6,100.0,0.0,1.8,33.33,100.0,0.0,0.0,7.2,0.0,0.0,3.6,50.0,91.11,5.4,0.0,1.8,0.0,12.6,9.0,0.0,0.0,0.0,0.0,0.0
703476,W. Pedersen,Silkeborg U19,"Silkeborg U19 - Horsens U19, 1 - 1 (P)","August 24, 2024 at 1:00:00 PM GMT+2",['lb'],23,0.0,0.0,0.0,0.0,0.0,0.0,0.0,0.0,0.0,0.0,0.0,0.0,0.0,0.0,0.0,0.0,0.0,0.0,0.0,0.0,0.0,0.0,0.0,0.0,0.0
682962,M. Ryberg,Silkeborg U19,"Silkeborg U19 - Horsens U19, 1 - 1 (P)","August 24, 2024 at 1:00:00 PM GMT+2",['lcmf3'],101,2.67,50.0,66.67,0.0,44.44,100.0,0.22,0.0,4.46,2.67,2.67,2.67,80.0,94.92,2.67,0.89,4.46,3.56,8.02,7.13,0.89,0.05,0.0,2.67,2.67
682107,R. Nybo,Horsens U19,"Silkeborg U19 - Horsens U19, 1 - 1 (P)","August 24, 2024 at 1:00:00 PM GMT+2","['rb', 'rb5']",85,1.06,100.0,0.0,0.0,25.0,100.0,0.01,1.06,4.24,0.0,0.0,1.06,100.0,96.0,3.18,3.18,3.18,5.29,5.29,5.29,2.12,0.22,1.06,0.0,1.06
682104,E. Kjær,Silkeborg U19,"Silkeborg U19 - Horsens U19, 1 - 1 (P)","August 24, 2024 at 1:00:00 PM GMT+2","['rwf', 'rcmf3']",33,0.0,0.0,0.0,0.0,0.0,0.0,0.0,0.0,0.0,0.0,0.0,0.0,0.0,0.0,0.0,0.0,0.0,0.0,0.0,0.0,0.0,0.0,0.0,0.0,0.0
679398,M. Salah,Horsens U19,"Silkeborg U19 - Horsens U19, 1 - 1 (P)","August 24, 2024 at 1:00:00 PM GMT+2","['lw', 'lamf']",101,0.0,0.0,72.73,0.0,39.29,0.0,0.2,0.89,1.78,7.13,4.46,0.0,50.0,83.33,2.67,1.78,4.46,6.24,2.67,1.78,1.78,0.47,0.0,8.91,4.46
679251,S. Laustsen,Silkeborg U19,"Silkeborg U19 - Horsens U19, 1 - 1 (P)","August 24, 2024 at 1:00:00 PM GMT+2",['rcb'],101,8.02,66.67,0.0,1.78,36.36,69.23,0.0,0.0,16.04,2.67,0.0,11.58,88.89,94.29,8.02,4.46,7.13,11.58,40.99,34.75,0.89,0.12,0.0,0.0,0.0
679250,S. Biller Mikkelsen,Silkeborg U19,"Silkeborg U19 - Horsens U19, 1 - 1 (P)","August 24, 2024 at 1:00:00 PM GMT+2",['lwf'],101,3.56,0.0,100.0,0.89,56.25,80.0,0.0,0.0,3.56,4.46,4.46,4.46,100.0,85.0,3.56,2.67,0.89,3.56,5.35,4.46,1.78,0.23,0.0,5.35,0.0
679233,B. Binggeli,Silkeborg U19,"Silkeborg U19 - Horsens U19, 1 - 1 (P)","August 24, 2024 at 1:00:00 PM GMT+2",['rwf'],7,0.0,0.0,0.0,0.0,33.33,0.0,0.0,0.0,0.0,0.0,0.0,0.0,0.0,0.0,0.0,0.0,0.0,0.0,0.0,0.0,0.0,0.0,0.0,0.0,0.0
624784,G. Smith Balle,Silkeborg U19,"Silkeborg U19 - Horsens U19, 1 - 1 (P)","August 24, 2024 at 1:00:00 PM GMT+2",['lb'],28,0.0,0.0,0.0,0.0,16.67,0.0,0.0,0.0,0.0,0.0,0.0,0.0,0.0,0.0,0.0,0.0,0.0,0.0,0.0,0.0,0.0,0.0,0.0,0.0,0.0
624760,S. Juel,Horsens U19,"Silkeborg U19 - Horsens U19, 1 - 1 (P)","August 24, 2024 at 1:00:00 PM GMT+2","['rcb', 'cb', 'rcb3']",101,0.89,50.0,0.0,0.0,20.0,33.33,0.0,0.0,6.24,0.89,0.0,2.67,71.43,87.8,3.56,2.67,4.46,5.35,11.58,7.13,0.0,0.0,0.0,0.0,0.0
1099753,S. Bogdan,SønderjyskE U19,"SønderjyskE U19 - OB U19, 1 - 3","August 24, 2024 at 12:30:00 PM GMT+2",['gk'],95,0.0,0.0,0.0,0.0,33.33,0.0,0.0,0.0,10.42,0.0,0.0,4.74,72.73,66.67,3.79,1.89,0.95,1.89,16.11,7.58,0.0,0.0,0.0,0.0,0.0
962525,A. Rrahmani,SønderjyskE U19,"SønderjyskE U19 - OB U19, 1 - 3","August 24, 2024 at 12:30:00 PM GMT+2",['amf'],77,2.34,33.33,75.0,0.0,50.0,50.0,0.0,0.0,4.68,2.34,0.0,4.68,50.0,73.91,1.17,1.17,3.51,3.51,5.84,4.68,0.0,0.11,0.0,4.68,0.0
767707,J. Jonsson,SønderjyskE U19,"SønderjyskE U19 - OB U19, 1 - 3","August 24, 2024 at 12:30:00 PM GMT+2","['dmf', 'rdmf']",68,0.0,0.0,0.0,0.0,22.22,0.0,0.0,0.0,1.32,0.0,0.0,1.32,100.0,78.57,9.26,9.26,7.94,15.88,6.62,5.29,0.0,0.0,0.0,0.0,0.0
766698,S. Larsen,SønderjyskE U19,"SønderjyskE U19 - OB U19, 1 - 3","August 24, 2024 at 12:30:00 PM GMT+2",['cf'],95,0.0,25.0,100.0,0.0,28.57,0.0,0.0,0.0,0.95,0.0,0.0,1.89,0.0,77.27,3.79,0.95,1.89,1.89,7.58,3.79,1.89,0.41,0.0,2.84,0.0
766697,N. Sabroe Lund,SønderjyskE U19,"SønderjyskE U19 - OB U19, 1 - 3","August 24, 2024 at 12:30:00 PM GMT+2",['lb'],18,0.0,0.0,0.0,0.0,50.0,0.0,0.0,0.0,0.0,0.0,0.0,0.0,0.0,0.0,0.0,0.0,0.0,0.0,0.0,0.0,0.0,0.0,0.0,0.0,0.0
766691,L. Riggelsen,SønderjyskE U19,"SønderjyskE U19 - OB U19, 1 - 3","August 24, 2024 at 12:30:00 PM GMT+2",['rb'],77,1.17,0.0,0.0,0.0,25.0,20.0,0.0,1.17,11.69,0.0,0.0,5.84,40.0,50.0,9.35,4.68,4.68,7.01,11.69,4.68,1.17,0.04,0.0,2.34,0.0
766684,E. Hjorth Pedersen,SønderjyskE U19,"SønderjyskE U19 - OB U19, 1 - 3","August 24, 2024 at 12:30:00 PM GMT+2",['ramf'],48,0.0,0.0,0.0,0.0,16.67,0.0,0.15,3.75,7.5,1.88,0.0,0.0,75.0,60.0,5.63,1.88,11.25,9.38,7.5,1.88,0.0,0.0,1.88,1.88,1.88
766680,A. Ebrat,SønderjyskE U19,"SønderjyskE U19 - OB U19, 1 - 3","August 24, 2024 at 12:30:00 PM GMT+2",['amf'],18,0.0,0.0,0.0,0.0,20.0,0.0,0.0,0.0,0.0,0.0,0.0,0.0,0.0,0.0,0.0,0.0,0.0,0.0,0.0,0.0,0.0,0.0,0.0,0.0,0.0
766643,Noah Barholt Rasmussen,OB U19,"SønderjyskE U19 - OB U19, 1 - 3","August 24, 2024 at 12:30:00 PM GMT+2",['lb'],95,2.84,0.0,25.0,0.0,31.25,75.0,0.0,0.0,9.47,0.0,0.0,3.79,60.0,73.91,2.84,1.89,4.74,5.68,15.16,8.53,0.0,0.0,0.0,0.95,0.0
766317,H. Rasmussen,OB U19,"SønderjyskE U19 - OB U19, 1 - 3","August 24, 2024 at 12:30:00 PM GMT+2",['ramf'],31,0.0,0.0,0.0,0.0,33.33,0.0,0.0,0.0,0.0,0.0,0.0,0.0,0.0,0.0,0.0,0.0,0.0,0.0,0.0,0.0,0.0,0.0,0.0,0.0,0.0
766314,V. Bender,OB U19,"SønderjyskE U19 - OB U19, 1 - 3","August 24, 2024 at 12:30:00 PM GMT+2",['lamf'],19,0.0,0.0,0.0,0.0,37.5,0.0,0.0,0.0,0.0,0.0,0.0,0.0,0.0,0.0,0.0,0.0,0.0,0.0,0.0,0.0,0.0,0.0,0.0,0.0,0.0
766312,V. Bolander,OB U19,"SønderjyskE U19 - OB U19, 1 - 3","August 24, 2024 at 12:30:00 PM GMT+2",['rcb'],31,0.0,0.0,0.0,0.0,40.0,0.0,0.0,0.0,0.0,0.0,0.0,0.0,0.0,0.0,0.0,0.0,0.0,0.0,0.0,0.0,0.0,0.0,0.0,0.0,0.0
766307,M. Eskildsen,OB U19,"SønderjyskE U19 - OB U19, 1 - 3","August 24, 2024 at 12:30:00 PM GMT+2",['gk'],95,0.95,100.0,0.0,0.0,100.0,50.0,0.0,0.0,8.53,0.0,0.0,1.89,66.67,80.56,8.53,3.79,0.0,3.79,21.79,17.05,0.0,0.0,0.0,0.0,0.0
764618,D. Amtrup,OB U19,"SønderjyskE U19 - OB U19, 1 - 3","August 24, 2024 at 12:30:00 PM GMT+2",['lcb'],95,2.84,33.33,0.0,0.95,47.06,60.0,0.0,0.0,7.58,0.0,0.0,4.74,87.5,96.15,18.95,5.68,0.95,7.58,27.47,24.63,0.0,0.0,0.0,0.0,0.0
752773,M. Ottesen,SønderjyskE U19,"SønderjyskE U19 - OB U19, 1 - 3","August 24, 2024 at 12:30:00 PM GMT+2",['rcb'],95,2.84,0.0,0.0,0.0,18.18,50.0,0.0,0.0,8.53,0.0,0.0,5.68,66.67,80.49,8.53,4.74,5.68,9.47,17.05,12.32,0.0,0.0,0.0,0.0,0.0
743525,V. Friis,OB U19,"SønderjyskE U19 - OB U19, 1 - 3","August 24, 2024 at 12:30:00 PM GMT+2",['amf'],48,7.5,40.0,0.0,0.0,40.0,80.0,0.0,1.88,7.5,5.63,0.0,9.38,75.0,89.29,7.5,1.88,5.63,5.63,7.5,5.63,5.63,0.92,0.0,1.88,0.0
740144,V. Klindt Sørensen,SønderjyskE U19,"SønderjyskE U19 - OB U19, 1 - 3","August 24, 2024 at 12:30:00 PM GMT+2",['lcb'],95,1.89,25.0,0.0,0.0,30.77,50.0,0.0,0.0,7.58,0.95,0.0,3.79,75.0,86.05,13.26,7.58,6.63,11.37,22.74,17.05,0.0,0.0,0.0,0.0,0.0
739992,N. Lassen,OB U19,"SønderjyskE U19 - OB U19, 1 - 3","August 24, 2024 at 12:30:00 PM GMT+2",['rdmf'],76,3.55,0.0,50.0,0.0,45.0,75.0,0.31,2.37,4.74,3.55,0.0,4.74,75.0,69.57,1.18,0.0,7.11,4.74,8.29,3.55,3.55,0.02,1.18,5.92,2.37
739991,W. Martin,OB U19,"SønderjyskE U19 - OB U19, 1 - 3","August 24, 2024 at 12:30:00 PM GMT+2",['amf'],47,3.83,0.0,50.0,0.0,50.0,100.0,0.0,1.91,5.74,1.91,0.0,3.83,100.0,100.0,5.74,0.0,5.74,3.83,3.83,3.83,5.74,0.35,0.0,3.83,0.0
709268,F. Nygaard Jürgensen,SønderjyskE U19,"SønderjyskE U19 - OB U19, 1 - 3","August 24, 2024 at 12:30:00 PM GMT+2",['rb'],18,0.0,0.0,0.0,0.0,16.67,0.0,0.0,0.0,0.0,0.0,0.0,0.0,0.0,0.0,0.0,0.0,0.0,0.0,0.0,0.0,0.0,0.0,0.0,0.0,0.0
685762,N. Juul-Sandberg,OB U19,"SønderjyskE U19 - OB U19, 1 - 3","August 24, 2024 at 12:30:00 PM GMT+2",['ldmf'],95,13.26,0.0,0.0,0.95,41.67,93.33,0.33,0.0,11.37,1.89,0.0,14.21,83.33,89.71,10.42,3.79,6.63,7.58,20.84,16.11,0.0,0.0,0.0,0.0,0.95
684327,O. Hyseni,SønderjyskE U19,"SønderjyskE U19 - OB U19, 1 - 3","August 24, 2024 at 12:30:00 PM GMT+2",['cf'],47,1.91,0.0,50.0,0.0,31.58,33.33,0.0,0.0,1.91,1.91,0.0,5.74,100.0,58.82,11.49,3.83,11.49,9.57,11.49,1.91,0.0,0.0,0.0,1.91,0.0
680209,A. Raffnsøe Hoeg,SønderjyskE U19,"SønderjyskE U19 - OB U19, 1 - 3","August 24, 2024 at 12:30:00 PM GMT+2",['rdmf'],27,0.0,0.0,0.0,0.0,50.0,0.0,0.0,0.0,0.0,0.0,0.0,0.0,0.0,0.0,0.0,0.0,0.0,0.0,0.0,0.0,0.0,0.0,0.0,0.0,0.0
679581,A. Vogtmann,SønderjyskE U19,"SønderjyskE U19 - OB U19, 1 - 3","August 24, 2024 at 12:30:00 PM GMT+2",['lb'],77,2.34,100.0,50.0,0.0,33.33,66.67,0.0,2.34,9.35,0.0,0.0,3.51,75.0,74.07,4.68,5.84,9.35,10.52,14.03,9.35,0.0,0.0,0.0,1.17,0.0
679238,J. Askou,OB U19,"SønderjyskE U19 - OB U19, 1 - 3","August 24, 2024 at 12:30:00 PM GMT+2",['rcb'],64,14.06,100.0,100.0,0.0,61.11,58.82,0.0,0.0,21.09,1.41,0.0,23.91,73.33,81.67,19.69,2.81,8.44,11.25,42.19,29.53,1.41,0.0,0.0,1.41,0.0
678662,E. Petersen,OB U19,"SønderjyskE U19 - OB U19, 1 - 3","August 24, 2024 at 12:30:00 PM GMT+2",['cf'],19,0.0,0.0,0.0,0.0,0.0,0.0,0.0,0.0,0.0,0.0,0.0,0.0,0.0,0.0,0.0,0.0,0.0,0.0,0.0,0.0,0.0,0.0,0.0,0.0,0.0
678652,M. Søfeldt Nielsen,OB U19,"SønderjyskE U19 - OB U19, 1 - 3","August 24, 2024 at 12:30:00 PM GMT+2","['cf', 'rdmf']",95,0.95,100.0,100.0,0.95,33.33,100.0,0.14,0.95,2.84,0.0,0.0,0.95,100.0,82.35,0.95,1.89,0.95,1.89,4.74,4.74,2.84,1.36,0.95,6.63,0.95
678651,M. Andersen,OB U19,"SønderjyskE U19 - OB U19, 1 - 3","August 24, 2024 at 12:30:00 PM GMT+2",['lamf'],76,2.37,33.33,100.0,0.0,40.0,100.0,0.35,4.74,2.37,3.55,1.18,2.37,50.0,60.87,4.74,1.18,4.74,4.74,7.11,3.55,5.92,0.17,1.18,4.74,1.18
624824,A. Bergholdt,SønderjyskE U19,"SønderjyskE U19 - OB U19, 1 - 3","August 24, 2024 at 12:30:00 PM GMT+2","['lamf', 'ramf']",95,0.0,33.33,0.0,0.0,42.86,0.0,0.0,2.84,0.95,0.0,0.0,0.95,0.0,50.0,2.84,1.89,5.68,5.68,4.74,3.79,1.89,0.05,0.0,0.95,0.0
624820,S. Maass,SønderjyskE U19,"SønderjyskE U19 - OB U19, 1 - 3","August 24, 2024 at 12:30:00 PM GMT+2","['ldmf', 'lamf']",95,2.84,0.0,0.0,0.95,40.0,60.0,0.03,0.95,6.63,0.0,0.0,4.74,85.71,86.67,2.84,0.95,3.79,4.74,12.32,9.47,0.0,0.0,0.0,0.95,0.95
624752,M. McCoy,OB U19,"SønderjyskE U19 - OB U19, 1 - 3","August 24, 2024 at 12:30:00 PM GMT+2",['rb'],95,2.84,66.67,100.0,0.95,50.0,60.0,0.27,2.84,9.47,0.95,0.0,4.74,50.0,80.0,14.21,4.74,8.53,11.37,18.95,13.26,0.0,0.0,1.89,3.79,2.84
624743,E. Hansborg-Sørensen,OB U19,"SønderjyskE U19 - OB U19, 1 - 3","August 24, 2024 at 12:30:00 PM GMT+2",['ramf'],64,4.22,0.0,60.0,2.81,40.0,75.0,0.0,4.22,5.63,8.44,2.81,5.63,75.0,81.48,7.03,5.63,4.22,8.44,11.25,7.03,2.81,0.1,0.0,7.03,0.0
990339,T. Pedersen,Vejle U19,"Vejle U19 - Brøndby U19, 1 - 1","August 24, 2024 at 12:30:00 PM GMT+2",['ramf'],61,1.48,0.0,0.0,0.0,42.86,50.0,0.0,0.0,4.43,1.48,1.48,2.95,0.0,71.43,4.43,4.43,5.9,5.9,5.9,2.95,0.0,0.06,0.0,0.0,0.0
966095,A. Muhammad,Vejle U19,"Vejle U19 - Brøndby U19, 1 - 1","August 24, 2024 at 12:30:00 PM GMT+2",['cf'],71,0.0,0.0,100.0,0.0,0.0,0.0,0.0,0.0,0.0,1.27,1.27,0.0,0.0,62.5,2.54,1.27,1.27,2.54,3.8,1.27,2.54,0.17,0.0,1.27,0.0
954382,G. Nøhr,Brøndby U19,"Vejle U19 - Brøndby U19, 1 - 1","August 24, 2024 at 12:30:00 PM GMT+2",['lcmf'],96,11.25,0.0,0.0,0.0,20.0,85.71,0.0,2.81,7.5,0.0,0.0,13.13,75.0,86.57,7.5,3.75,12.19,10.31,18.75,15.94,1.88,0.0,0.0,0.0,0.0
849689,R. Koch Groth Pedersen,Vejle U19,"Vejle U19 - Brøndby U19, 1 - 1","August 24, 2024 at 12:30:00 PM GMT+2","['cf', 'rcmf']",96,1.88,33.33,100.0,0.0,23.08,40.0,0.0,1.88,1.88,0.94,0.0,4.69,100.0,61.11,4.69,2.81,5.63,6.56,5.63,1.88,2.81,0.13,0.0,1.88,0.0
821112,M. Andersen,Brøndby U19,"Vejle U19 - Brøndby U19, 1 - 1","August 24, 2024 at 12:30:00 PM GMT+2",['rw'],25,0.0,0.0,0.0,0.0,0.0,0.0,0.0,0.0,0.0,0.0,0.0,0.0,0.0,0.0,0.0,0.0,0.0,0.0,0.0,0.0,0.0,0.0,0.0,0.0,0.0
815708,R. Lynder,Brøndby U19,"Vejle U19 - Brøndby U19, 1 - 1","August 24, 2024 at 12:30:00 PM GMT+2",['lcb'],75,13.2,80.0,100.0,1.2,47.06,84.62,0.0,0.0,20.4,2.4,1.2,15.6,82.35,90.14,19.2,10.8,12.0,21.6,46.8,40.8,0.0,0.0,0.0,1.2,0.0
813418,H. Christensen,Vejle U19,"Vejle U19 - Brøndby U19, 1 - 1","August 24, 2024 at 12:30:00 PM GMT+2",['lcb'],35,0.0,0.0,0.0,0.0,66.67,0.0,0.0,0.0,0.0,0.0,0.0,0.0,0.0,0.0,0.0,0.0,0.0,0.0,0.0,0.0,0.0,0.0,0.0,0.0,0.0
769201,J. Ambæk,Brøndby U19,"Vejle U19 - Brøndby U19, 1 - 1","August 24, 2024 at 12:30:00 PM GMT+2",['cf'],96,0.94,66.67,100.0,0.0,52.38,33.33,0.0,1.88,1.88,0.0,0.0,2.81,0.0,50.0,2.81,4.69,1.88,5.63,1.88,0.0,2.81,0.06,0.0,5.63,0.0
766625,J. Remark Wismann,Brøndby U19,"Vejle U19 - Brøndby U19, 1 - 1","August 24, 2024 at 12:30:00 PM GMT+2",['lw'],71,2.54,0.0,100.0,0.0,33.33,66.67,0.24,0.0,1.27,0.0,0.0,3.8,0.0,87.1,5.07,0.0,6.34,2.54,10.14,6.34,6.34,0.12,1.27,1.27,1.27
766619,W. Sonne,Brøndby U19,"Vejle U19 - Brøndby U19, 1 - 1","August 24, 2024 at 12:30:00 PM GMT+2",['gk'],96,0.94,100.0,0.0,0.0,100.0,50.0,0.0,0.0,2.81,0.0,0.0,1.88,100.0,96.88,5.63,1.88,0.0,1.88,17.81,16.88,0.0,0.0,0.0,0.0,0.0
765985,A. Klaster,Vejle U19,"Vejle U19 - Brøndby U19, 1 - 1","August 24, 2024 at 12:30:00 PM GMT+2",['lcb'],61,7.38,50.0,100.0,0.0,64.29,71.43,0.0,0.0,17.7,1.48,0.0,10.33,58.33,83.33,17.7,2.95,10.33,8.85,38.36,26.56,0.0,0.0,0.0,1.48,0.0
765213,M. Bang,Vejle U19,"Vejle U19 - Brøndby U19, 1 - 1","August 24, 2024 at 12:30:00 PM GMT+2","['ramf', 'cf']",17,0.0,0.0,0.0,0.0,42.86,0.0,0.0,0.0,0.0,0.0,0.0,0.0,0.0,0.0,0.0,0.0,0.0,0.0,0.0,0.0,0.0,0.0,0.0,0.0,0.0
750681,S. Ravn,Vejle U19,"Vejle U19 - Brøndby U19, 1 - 1","August 24, 2024 at 12:30:00 PM GMT+2","['dmf', 'lcmf']",96,2.81,0.0,0.0,0.0,16.67,100.0,0.0,0.0,4.69,0.0,0.0,2.81,60.0,93.02,4.69,4.69,7.5,7.5,5.63,4.69,0.0,0.01,0.0,0.94,0.0
742110,P. Søndergaard,Brøndby U19,"Vejle U19 - Brøndby U19, 1 - 1","August 24, 2024 at 12:30:00 PM GMT+2","['rcmf', 'lcb']",96,3.75,62.5,0.0,1.88,43.33,36.36,0.0,0.94,9.38,1.88,0.0,10.31,80.0,72.88,14.06,7.5,15.0,19.69,17.81,11.25,0.94,0.19,0.0,2.81,0.0
738642,A. Tomaselli,Vejle U19,"Vejle U19 - Brøndby U19, 1 - 1","August 24, 2024 at 12:30:00 PM GMT+2",['rcb'],96,2.81,0.0,0.0,0.0,33.33,75.0,0.0,0.0,1.88,0.0,0.0,3.75,50.0,88.89,12.19,5.63,11.25,15.0,10.31,8.44,0.0,0.0,0.0,0.0,0.0
738328,K. Tonnisen,Vejle U19,"Vejle U19 - Brøndby U19, 1 - 1","August 24, 2024 at 12:30:00 PM GMT+2","['cf', 'rw']",25,0.0,0.0,0.0,0.0,28.57,0.0,0.0,0.0,0.0,0.0,0.0,0.0,0.0,0.0,0.0,0.0,0.0,0.0,0.0,0.0,0.0,0.0,0.0,0.0,0.0
719135,W. Bjergfeldt,Brøndby U19,"Vejle U19 - Brøndby U19, 1 - 1","August 24, 2024 at 12:30:00 PM GMT+2",['rb'],96,0.94,0.0,0.0,0.0,41.18,100.0,0.0,0.94,3.75,0.0,0.0,0.94,100.0,92.59,12.19,6.56,11.25,14.06,6.56,5.63,3.75,0.15,0.0,0.94,0.0
682105,A. Stengaard,Vejle U19,"Vejle U19 - Brøndby U19, 1 - 1","August 24, 2024 at 12:30:00 PM GMT+2","['cf', 'lamf']",49,0.0,0.0,66.67,0.0,33.33,0.0,0.0,1.84,3.67,1.84,0.0,1.84,50.0,60.0,5.51,0.0,7.35,7.35,7.35,5.51,5.51,0.15,0.0,3.67,0.0
680375,N. Jakobsen,Brøndby U19,"Vejle U19 - Brøndby U19, 1 - 1","August 24, 2024 at 12:30:00 PM GMT+2",['cf'],25,0.0,0.0,0.0,0.0,33.33,0.0,0.0,0.0,0.0,0.0,0.0,0.0,0.0,0.0,0.0,0.0,0.0,0.0,0.0,0.0,0.0,0.0,0.0,0.0,0.0
679657,J. Agyekum,Brøndby U19,"Vejle U19 - Brøndby U19, 1 - 1","August 24, 2024 at 12:30:00 PM GMT+2",['cf'],71,0.0,0.0,100.0,0.0,31.25,0.0,0.3,0.0,1.27,2.54,1.27,0.0,100.0,94.44,3.8,1.27,3.8,1.27,1.27,1.27,10.14,0.79,1.27,3.8,2.54
679299,T. Lykkebak,Vejle U19,"Vejle U19 - Brøndby U19, 1 - 1","August 24, 2024 at 12:30:00 PM GMT+2","['amf', 'rw']",96,1.88,0.0,0.0,0.0,29.17,100.0,0.05,1.88,3.75,2.81,0.0,1.88,25.0,71.43,5.63,0.94,8.44,7.5,7.5,5.63,4.69,0.39,0.0,1.88,1.88
679298,R. Lykkegaard,Vejle U19,"Vejle U19 - Brøndby U19, 1 - 1","August 24, 2024 at 12:30:00 PM GMT+2",['lw'],18,0.0,0.0,0.0,0.0,50.0,0.0,0.0,0.0,0.0,0.0,0.0,0.0,0.0,0.0,0.0,0.0,0.0,0.0,0.0,0.0,0.0,0.0,0.0,0.0,0.0
679293,M. Udengaard,Vejle U19,"Vejle U19 - Brøndby U19, 1 - 1","August 24, 2024 at 12:30:00 PM GMT+2",['lb'],96,0.0,33.33,0.0,0.0,40.0,0.0,0.53,5.63,9.38,5.63,0.94,4.69,20.0,58.7,9.38,2.81,5.63,7.5,14.06,4.69,1.88,0.11,0.94,1.88,3.75
679284,G. Knudsen,Vejle U19,"Vejle U19 - Brøndby U19, 1 - 1","August 24, 2024 at 12:30:00 PM GMT+2",['gk'],96,2.81,0.0,0.0,0.0,0.0,100.0,0.0,0.0,7.5,0.0,0.0,2.81,87.5,98.08,2.81,2.81,0.0,2.81,13.13,13.13,0.0,0.0,0.0,0.0,0.0
634301,A. Claridge,Brøndby U19,"Vejle U19 - Brøndby U19, 1 - 1","August 24, 2024 at 12:30:00 PM GMT+2",['rcmf'],22,0.0,0.0,0.0,0.0,50.0,0.0,0.0,0.0,0.0,0.0,0.0,0.0,0.0,0.0,0.0,0.0,0.0,0.0,0.0,0.0,0.0,0.0,0.0,0.0,0.0
632570,L. Larsen,Brøndby U19,"Vejle U19 - Brøndby U19, 1 - 1","August 24, 2024 at 12:30:00 PM GMT+2",['lb'],96,7.5,100.0,33.33,0.0,40.0,72.73,0.28,0.94,15.94,3.75,0.94,10.31,88.24,84.06,5.63,1.88,5.63,5.63,19.69,14.06,3.75,0.23,0.0,4.69,2.81
625215,M. Jensen,Brøndby U19,"Vejle U19 - Brøndby U19, 1 - 1","August 24, 2024 at 12:30:00 PM GMT+2","['rw', 'lw']",96,4.69,0.0,0.0,2.81,11.76,83.33,0.61,0.94,10.31,0.0,0.0,5.63,81.82,80.0,2.81,3.75,5.63,7.5,13.13,9.38,0.94,0.0,1.88,1.88,3.75
625205,L. Vraa-Jensen,Brøndby U19,"Vejle U19 - Brøndby U19, 1 - 1","August 24, 2024 at 12:30:00 PM GMT+2",['rcb'],96,9.38,83.33,0.0,0.94,72.73,83.33,0.0,0.94,25.31,0.94,0.0,11.25,88.89,88.41,14.06,2.81,2.81,4.69,30.0,25.31,0.94,0.0,0.0,0.94,0.0
624674,C. Astrup,Vejle U19,"Vejle U19 - Brøndby U19, 1 - 1","August 24, 2024 at 12:30:00 PM GMT+2",['lamf'],47,1.91,0.0,0.0,0.0,18.18,50.0,0.0,0.0,3.83,1.91,0.0,3.83,0.0,76.47,7.66,1.91,3.83,3.83,7.66,1.91,0.0,0.0,0.0,0.0,0.0
624657,L. Flø Borregaard,Vejle U19,"Vejle U19 - Brøndby U19, 1 - 1","August 24, 2024 at 12:30:00 PM GMT+2",['rb'],96,1.88,50.0,100.0,0.0,47.06,50.0,0.01,3.75,9.38,7.5,0.0,3.75,90.0,82.93,6.56,0.94,5.63,5.63,12.19,7.5,0.94,0.0,0.0,5.63,0.94
