team.name,label,territorial_possession,count
AGF U19,"AGF U19 - AaB U19, 2 - 1",AGF U19,1
AGF U19,"AGF U19 - AaB U19, 2 - 1",Middle,1
AGF U19,"AGF U19 - AaB U19, 2 - 1",Nordsjælland U19,1
AGF U19,"AGF U19 - Brøndby U19, 2 - 2 (P)",AGF U19,1
AGF U19,"AGF U19 - Brøndby U19, 2 - 2 (P)",Middle,1
AGF U19,"AGF U19 - Brøndby U19, 2 - 2 (P)",Nordsjælland U19,1
AGF U19,"AGF U19 - Esbjerg U19, 0 - 4",AGF U19,1
AGF U19,"AGF U19 - Esbjerg U19, 0 - 4",Middle,1
AGF U19,"AGF U19 - Esbjerg U19, 0 - 4",Nordsjælland U19,1
AGF U19,"AGF U19 - Horsens U19, 1 - 2",AGF U19,1
AGF U19,"AGF U19 - Horsens U19, 1 - 2",Middle,1
AGF U19,"AGF U19 - Horsens U19, 1 - 2",Nordsjælland U19,1
AGF U19,"AGF U19 - København U19, 1 - 3",AGF U19,1
AGF U19,"AGF U19 - København U19, 1 - 3",Middle,1
AGF U19,"AGF U19 - København U19, 1 - 3",Nordsjælland U19,1
AGF U19,"AGF U19 - Midtjylland U19, 4 - 0",AGF U19,1
AGF U19,"AGF U19 - Midtjylland U19, 4 - 0",Middle,1
AGF U19,"AGF U19 - Midtjylland U19, 4 - 0",Nordsjælland U19,1
AGF U19,"AGF U19 - Nordsjælland U19, 1 - 1",AGF U19,1
AGF U19,"AGF U19 - Nordsjælland U19, 1 - 1",Middle,1
AGF U19,"AGF U19 - Nordsjælland U19, 1 - 1",Nordsjælland U19,1
AGF U19,"AGF U19 - OB U19, 3 - 2",AGF U19,1
AGF U19,"AGF U19 - OB U19, 3 - 2",Middle,1
AGF U19,"AGF U19 - OB U19, 3 - 2",Nordsjælland U19,1
AGF U19,"AGF U19 - Randers U19, 1 - 2",AGF U19,1
AGF U19,"AGF U19 - Randers U19, 1 - 2",Middle,1
AGF U19,"AGF U19 - Randers U19, 1 - 2",Nordsjælland U19,1
AGF U19,"AGF U19 - Silkeborg U19, 0 - 4",AGF U19,1
AGF U19,"AGF U19 - Silkeborg U19, 0 - 4",Middle,1
AGF U19,"AGF U19 - Silkeborg U19, 0 - 4",Nordsjælland U19,1
AGF U19,"AGF U19 - SønderjyskE U19, 4 - 4 (P)",AGF U19,1
AGF U19,"AGF U19 - SønderjyskE U19, 4 - 4 (P)",Middle,1
AGF U19,"AGF U19 - SønderjyskE U19, 4 - 4 (P)",Nordsjælland U19,1
AGF U19,"AGF U19 - Vejle U19, 4 - 2",AGF U19,1
AGF U19,"AGF U19 - Vejle U19, 4 - 2",Middle,1
AGF U19,"AGF U19 - Vejle U19, 4 - 2",Nordsjælland U19,1
AGF U19,"AaB U19 - AGF U19, 3 - 0",AGF U19,1
AGF U19,"AaB U19 - AGF U19, 3 - 0",Middle,1
AGF U19,"AaB U19 - AGF U19, 3 - 0",Nordsjælland U19,1
AGF U19,"Brøndby U19 - AGF U19, 3 - 6",AGF U19,1
AGF U19,"Brøndby U19 - AGF U19, 3 - 6",Middle,1
AGF U19,"Brøndby U19 - AGF U19, 3 - 6",Nordsjælland U19,1
AGF U19,"Esbjerg U19 - AGF U19, 2 - 3",AGF U19,1
AGF U19,"Esbjerg U19 - AGF U19, 2 - 3",Middle,1
AGF U19,"Esbjerg U19 - AGF U19, 2 - 3",Nordsjælland U19,1
AGF U19,"Horsens U19 - AGF U19, 6 - 2",AGF U19,1
AGF U19,"Horsens U19 - AGF U19, 6 - 2",Middle,1
AGF U19,"Horsens U19 - AGF U19, 6 - 2",Nordsjælland U19,1
AGF U19,"København U19 - AGF U19, 3 - 1",AGF U19,1
AGF U19,"København U19 - AGF U19, 3 - 1",Middle,1
AGF U19,"København U19 - AGF U19, 3 - 1",Nordsjælland U19,1
AGF U19,"Lyngby U19 - AGF U19, 0 - 2",AGF U19,1
AGF U19,"Lyngby U19 - AGF U19, 0 - 2",Middle,1
AGF U19,"Lyngby U19 - AGF U19, 0 - 2",Nordsjælland U19,1
AGF U19,"Lyngby U19 - AGF U19, 1 - 1 (P)",AGF U19,1
AGF U19,"Lyngby U19 - AGF U19, 1 - 1 (P)",Middle,1
AGF U19,"Lyngby U19 - AGF U19, 1 - 1 (P)",Nordsjælland U19,1
AGF U19,"Midtjylland U19 - AGF U19, 4 - 0",AGF U19,1
AGF U19,"Midtjylland U19 - AGF U19, 4 - 0",Middle,1
AGF U19,"Midtjylland U19 - AGF U19, 4 - 0",Nordsjælland U19,1
AGF U19,"Nordsjælland U19 - AGF U19, 3 - 2",AGF U19,1
AGF U19,"Nordsjælland U19 - AGF U19, 3 - 2",Middle,1
AGF U19,"Nordsjælland U19 - AGF U19, 3 - 2",Nordsjælland U19,1
AGF U19,"OB U19 - AGF U19, 0 - 0",AGF U19,1
AGF U19,"OB U19 - AGF U19, 0 - 0",Middle,1
AGF U19,"OB U19 - AGF U19, 0 - 0",Nordsjælland U19,1
AGF U19,"Randers U19 - AGF U19, 0 - 2",AGF U19,1
AGF U19,"Randers U19 - AGF U19, 0 - 2",Middle,1
AGF U19,"Randers U19 - AGF U19, 0 - 2",Nordsjælland U19,1
AGF U19,"Silkeborg U19 - AGF U19, 2 - 1",AGF U19,1
AGF U19,"Silkeborg U19 - AGF U19, 2 - 1",Middle,1
AGF U19,"Silkeborg U19 - AGF U19, 2 - 1",Nordsjælland U19,1
AGF U19,"SønderjyskE U19 - AGF U19, 2 - 0",AGF U19,1
AGF U19,"SønderjyskE U19 - AGF U19, 2 - 0",Middle,1
AGF U19,"SønderjyskE U19 - AGF U19, 2 - 0",Nordsjælland U19,1
AGF U19,"Vejle U19 - AGF U19, 0 - 1",AGF U19,1
AGF U19,"Vejle U19 - AGF U19, 0 - 1",Middle,1
AGF U19,"Vejle U19 - AGF U19, 0 - 1",Nordsjælland U19,1
AaB U19,"AGF U19 - AaB U19, 2 - 1",AaB U19,1
AaB U19,"AGF U19 - AaB U19, 2 - 1",Middle,1
AaB U19,"AGF U19 - AaB U19, 2 - 1",Nordsjælland U19,1
AaB U19,"AaB U19 - AGF U19, 3 - 0",AaB U19,1
AaB U19,"AaB U19 - AGF U19, 3 - 0",Middle,1
AaB U19,"AaB U19 - AGF U19, 3 - 0",Nordsjælland U19,1
AaB U19,"AaB U19 - Brøndby U19, 2 - 4",AaB U19,1
AaB U19,"AaB U19 - Brøndby U19, 2 - 4",Middle,1
AaB U19,"AaB U19 - Brøndby U19, 2 - 4",Nordsjælland U19,1
AaB U19,"AaB U19 - Esbjerg U19, 2 - 2 (P)",AaB U19,1
AaB U19,"AaB U19 - Esbjerg U19, 2 - 2 (P)",Middle,1
AaB U19,"AaB U19 - Esbjerg U19, 2 - 2 (P)",Nordsjælland U19,1
AaB U19,"AaB U19 - København U19, 1 - 3",AaB U19,1
AaB U19,"AaB U19 - København U19, 1 - 3",Middle,1
AaB U19,"AaB U19 - København U19, 1 - 3",Nordsjælland U19,1
AaB U19,"AaB U19 - Lyngby U19, 1 - 2",AaB U19,1
AaB U19,"AaB U19 - Lyngby U19, 1 - 2",Middle,1
AaB U19,"AaB U19 - Lyngby U19, 1 - 2",Nordsjælland U19,1
AaB U19,"AaB U19 - Midtjylland U19, 2 - 1",AaB U19,1
AaB U19,"AaB U19 - Midtjylland U19, 2 - 1",Middle,1
AaB U19,"AaB U19 - Midtjylland U19, 2 - 1",Nordsjælland U19,1
AaB U19,"AaB U19 - Nordsjælland U19, 1 - 1 (P)",AaB U19,1
AaB U19,"AaB U19 - Nordsjælland U19, 1 - 1 (P)",Middle,1
AaB U19,"AaB U19 - Nordsjælland U19, 1 - 1 (P)",Nordsjælland U19,1
AaB U19,"AaB U19 - OB U19, 0 - 1",AaB U19,1
AaB U19,"AaB U19 - OB U19, 0 - 1",Middle,1
AaB U19,"AaB U19 - OB U19, 0 - 1",Nordsjælland U19,1
AaB U19,"AaB U19 - Randers U19, 1 - 1 (P)",AaB U19,1
AaB U19,"AaB U19 - Randers U19, 1 - 1 (P)",Middle,1
AaB U19,"AaB U19 - Randers U19, 1 - 1 (P)",Nordsjælland U19,1
AaB U19,"AaB U19 - Silkeborg U19, 1 - 1 (P)",AaB U19,1
AaB U19,"AaB U19 - Silkeborg U19, 1 - 1 (P)",Middle,1
AaB U19,"AaB U19 - Silkeborg U19, 1 - 1 (P)",Nordsjælland U19,1
AaB U19,"AaB U19 - SønderjyskE U19, 0 - 2",AaB U19,1
AaB U19,"AaB U19 - SønderjyskE U19, 0 - 2",Middle,1
AaB U19,"AaB U19 - SønderjyskE U19, 0 - 2",Nordsjælland U19,1
AaB U19,"AaB U19 - Vejle U19, 1 - 2",AaB U19,1
AaB U19,"AaB U19 - Vejle U19, 1 - 2",Middle,1
AaB U19,"AaB U19 - Vejle U19, 1 - 2",Nordsjælland U19,1
AaB U19,"Brøndby U19 - AaB U19, 1 - 0",AaB U19,1
AaB U19,"Brøndby U19 - AaB U19, 1 - 0",Middle,1
AaB U19,"Brøndby U19 - AaB U19, 1 - 0",Nordsjælland U19,1
AaB U19,"Esbjerg U19 - AaB U19, 1 - 1 (E)",AaB U19,1
AaB U19,"Esbjerg U19 - AaB U19, 1 - 1 (E)",Middle,1
AaB U19,"Esbjerg U19 - AaB U19, 1 - 1 (E)",Nordsjælland U19,1
AaB U19,"Horsens U19 - AaB U19, 4 - 4 (P)",AaB U19,1
AaB U19,"Horsens U19 - AaB U19, 4 - 4 (P)",Middle,1
AaB U19,"Horsens U19 - AaB U19, 4 - 4 (P)",Nordsjælland U19,1
AaB U19,"København U19 - AaB U19, 3 - 1",AaB U19,1
AaB U19,"København U19 - AaB U19, 3 - 1",Middle,1
AaB U19,"København U19 - AaB U19, 3 - 1",Nordsjælland U19,1
AaB U19,"Lyngby U19 - AaB U19, 2 - 1",AaB U19,1
AaB U19,"Lyngby U19 - AaB U19, 2 - 1",Middle,1
AaB U19,"Lyngby U19 - AaB U19, 2 - 1",Nordsjælland U19,1
AaB U19,"Nordsjælland U19 - AaB U19, 2 - 2",AaB U19,1
AaB U19,"Nordsjælland U19 - AaB U19, 2 - 2",Middle,1
AaB U19,"Nordsjælland U19 - AaB U19, 2 - 2",Nordsjælland U19,1
AaB U19,"OB U19 - AaB U19, 1 - 0",AaB U19,1
AaB U19,"OB U19 - AaB U19, 1 - 0",Middle,1
AaB U19,"OB U19 - AaB U19, 1 - 0",Nordsjælland U19,1
AaB U19,"Randers U19 - AaB U19, 5 - 2",AaB U19,1
AaB U19,"Randers U19 - AaB U19, 5 - 2",Middle,1
AaB U19,"Randers U19 - AaB U19, 5 - 2",Nordsjælland U19,1
AaB U19,"Silkeborg U19 - AaB U19, 3 - 1",AaB U19,1
AaB U19,"Silkeborg U19 - AaB U19, 3 - 1",Middle,1
AaB U19,"Silkeborg U19 - AaB U19, 3 - 1",Nordsjælland U19,1
AaB U19,"SønderjyskE U19 - AaB U19, 0 - 0",AaB U19,1
AaB U19,"SønderjyskE U19 - AaB U19, 0 - 0",Middle,1
AaB U19,"SønderjyskE U19 - AaB U19, 0 - 0",Nordsjælland U19,1
AaB U19,"SønderjyskE U19 - AaB U19, 3 - 3 (P)",AaB U19,1
AaB U19,"SønderjyskE U19 - AaB U19, 3 - 3 (P)",Middle,1
AaB U19,"SønderjyskE U19 - AaB U19, 3 - 3 (P)",Nordsjælland U19,1
AaB U19,"Vejle U19 - AaB U19, 1 - 2",AaB U19,1
AaB U19,"Vejle U19 - AaB U19, 1 - 2",Middle,1
AaB U19,"Vejle U19 - AaB U19, 1 - 2",Nordsjælland U19,1
Brøndby U19,"AGF U19 - Brøndby U19, 2 - 2 (P)",Brøndby U19,1
Brøndby U19,"AGF U19 - Brøndby U19, 2 - 2 (P)",Middle,1
Brøndby U19,"AGF U19 - Brøndby U19, 2 - 2 (P)",Nordsjælland U19,1
Brøndby U19,"AaB U19 - Brøndby U19, 2 - 4",Brøndby U19,1
Brøndby U19,"AaB U19 - Brøndby U19, 2 - 4",Middle,1
Brøndby U19,"AaB U19 - Brøndby U19, 2 - 4",Nordsjælland U19,1
Brøndby U19,"Brøndby U19 - AGF U19, 3 - 6",Brøndby U19,1
Brøndby U19,"Brøndby U19 - AGF U19, 3 - 6",Middle,1
Brøndby U19,"Brøndby U19 - AGF U19, 3 - 6",Nordsjælland U19,1
Brøndby U19,"Brøndby U19 - AaB U19, 1 - 0",Brøndby U19,1
Brøndby U19,"Brøndby U19 - AaB U19, 1 - 0",Middle,1
Brøndby U19,"Brøndby U19 - AaB U19, 1 - 0",Nordsjælland U19,1
Brøndby U19,"Brøndby U19 - Esbjerg U19, 2 - 1",Brøndby U19,1
Brøndby U19,"Brøndby U19 - Esbjerg U19, 2 - 1",Middle,1
Brøndby U19,"Brøndby U19 - Esbjerg U19, 2 - 1",Nordsjælland U19,1
Brøndby U19,"Brøndby U19 - Horsens U19, 4 - 1",Brøndby U19,1
Brøndby U19,"Brøndby U19 - Horsens U19, 4 - 1",Middle,1
Brøndby U19,"Brøndby U19 - Horsens U19, 4 - 1",Nordsjælland U19,1
Brøndby U19,"Brøndby U19 - København U19, 1 - 0",Brøndby U19,1
Brøndby U19,"Brøndby U19 - København U19, 1 - 0",Middle,1
Brøndby U19,"Brøndby U19 - København U19, 1 - 0",Nordsjælland U19,1
Brøndby U19,"Brøndby U19 - Lyngby U19, 2 - 0",Brøndby U19,1
Brøndby U19,"Brøndby U19 - Lyngby U19, 2 - 0",Middle,1
Brøndby U19,"Brøndby U19 - Lyngby U19, 2 - 0",Nordsjælland U19,1
Brøndby U19,"Brøndby U19 - Midtjylland U19, 4 - 3",Brøndby U19,1
Brøndby U19,"Brøndby U19 - Midtjylland U19, 4 - 3",Middle,1
Brøndby U19,"Brøndby U19 - Midtjylland U19, 4 - 3",Nordsjælland U19,1
Brøndby U19,"Brøndby U19 - Nordsjælland U19, 3 - 1",Brøndby U19,1
Brøndby U19,"Brøndby U19 - Nordsjælland U19, 3 - 1",Middle,1
Brøndby U19,"Brøndby U19 - Nordsjælland U19, 3 - 1",Nordsjælland U19,1
Brøndby U19,"Brøndby U19 - OB U19, 0 - 3",Brøndby U19,1
Brøndby U19,"Brøndby U19 - OB U19, 0 - 3",Middle,1
Brøndby U19,"Brøndby U19 - OB U19, 0 - 3",Nordsjælland U19,1
Brøndby U19,"Brøndby U19 - Randers U19, 6 - 3",Brøndby U19,1
Brøndby U19,"Brøndby U19 - Randers U19, 6 - 3",Middle,1
Brøndby U19,"Brøndby U19 - Randers U19, 6 - 3",Nordsjælland U19,1
Brøndby U19,"Brøndby U19 - SønderjyskE U19, 3 - 2",Brøndby U19,1
Brøndby U19,"Brøndby U19 - SønderjyskE U19, 3 - 2",Middle,1
Brøndby U19,"Brøndby U19 - SønderjyskE U19, 3 - 2",Nordsjælland U19,1
Brøndby U19,"Brøndby U19 - Vejle U19, 3 - 1",Brøndby U19,1
Brøndby U19,"Brøndby U19 - Vejle U19, 3 - 1",Middle,1
Brøndby U19,"Brøndby U19 - Vejle U19, 3 - 1",Nordsjælland U19,1
Brøndby U19,"Esbjerg U19 - Brøndby U19, 2 - 3",Brøndby U19,1
Brøndby U19,"Esbjerg U19 - Brøndby U19, 2 - 3",Middle,1
Brøndby U19,"Esbjerg U19 - Brøndby U19, 2 - 3",Nordsjælland U19,1
Brøndby U19,"Horsens U19 - Brøndby U19, 3 - 6",Brøndby U19,1
Brøndby U19,"Horsens U19 - Brøndby U19, 3 - 6",Middle,1
Brøndby U19,"Horsens U19 - Brøndby U19, 3 - 6",Nordsjælland U19,1
Brøndby U19,"København U19 - Brøndby U19, 2 - 0",Brøndby U19,1
Brøndby U19,"København U19 - Brøndby U19, 2 - 0",Middle,1
Brøndby U19,"København U19 - Brøndby U19, 2 - 0",Nordsjælland U19,1
Brøndby U19,"Lyngby U19 - Brøndby U19, 1 - 3",Brøndby U19,1
Brøndby U19,"Lyngby U19 - Brøndby U19, 1 - 3",Middle,1
Brøndby U19,"Lyngby U19 - Brøndby U19, 1 - 3",Nordsjælland U19,1
Brøndby U19,"Midtjylland U19 - Brøndby U19, 3 - 2",Brøndby U19,1
Brøndby U19,"Midtjylland U19 - Brøndby U19, 3 - 2",Middle,1
Brøndby U19,"Midtjylland U19 - Brøndby U19, 3 - 2",Nordsjælland U19,1
Brøndby U19,"Nordsjælland U19 - Brøndby U19, 1 - 1 (P)",Brøndby U19,1
Brøndby U19,"Nordsjælland U19 - Brøndby U19, 1 - 1 (P)",Middle,1
Brøndby U19,"Nordsjælland U19 - Brøndby U19, 1 - 1 (P)",Nordsjælland U19,1
Brøndby U19,"OB U19 - Brøndby U19, 3 - 3 (P)",Brøndby U19,1
Brøndby U19,"OB U19 - Brøndby U19, 3 - 3 (P)",Middle,1
Brøndby U19,"OB U19 - Brøndby U19, 3 - 3 (P)",Nordsjælland U19,1
Brøndby U19,"Randers U19 - Brøndby U19, 3 - 1",Brøndby U19,1
Brøndby U19,"Randers U19 - Brøndby U19, 3 - 1",Middle,1
Brøndby U19,"Randers U19 - Brøndby U19, 3 - 1",Nordsjælland U19,1
Brøndby U19,"Silkeborg U19 - Brøndby U19, 2 - 5",Brøndby U19,1
Brøndby U19,"Silkeborg U19 - Brøndby U19, 2 - 5",Middle,1
Brøndby U19,"Silkeborg U19 - Brøndby U19, 2 - 5",Nordsjælland U19,1
Brøndby U19,"SønderjyskE U19 - Brøndby U19, 0 - 3",Brøndby U19,1
Brøndby U19,"SønderjyskE U19 - Brøndby U19, 0 - 3",Middle,1
Brøndby U19,"SønderjyskE U19 - Brøndby U19, 0 - 3",Nordsjælland U19,1
Brøndby U19,"Vejle U19 - Brøndby U19, 1 - 2",Brøndby U19,1
Brøndby U19,"Vejle U19 - Brøndby U19, 1 - 2",Middle,1
Brøndby U19,"Vejle U19 - Brøndby U19, 1 - 2",Nordsjælland U19,1
Esbjerg U19,"AGF U19 - Esbjerg U19, 0 - 4",Esbjerg U19,1
Esbjerg U19,"AGF U19 - Esbjerg U19, 0 - 4",Middle,1
Esbjerg U19,"AGF U19 - Esbjerg U19, 0 - 4",Nordsjælland U19,1
Esbjerg U19,"AaB U19 - Esbjerg U19, 2 - 2 (P)",Esbjerg U19,1
Esbjerg U19,"AaB U19 - Esbjerg U19, 2 - 2 (P)",Middle,1
Esbjerg U19,"AaB U19 - Esbjerg U19, 2 - 2 (P)",Nordsjælland U19,1
Esbjerg U19,"Brøndby U19 - Esbjerg U19, 2 - 1",Esbjerg U19,1
Esbjerg U19,"Brøndby U19 - Esbjerg U19, 2 - 1",Middle,1
Esbjerg U19,"Brøndby U19 - Esbjerg U19, 2 - 1",Nordsjælland U19,1
Esbjerg U19,"Esbjerg U19 - AGF U19, 2 - 3",Esbjerg U19,1
Esbjerg U19,"Esbjerg U19 - AGF U19, 2 - 3",Middle,1
Esbjerg U19,"Esbjerg U19 - AGF U19, 2 - 3",Nordsjælland U19,1
Esbjerg U19,"Esbjerg U19 - AaB U19, 1 - 1 (E)",Esbjerg U19,1
Esbjerg U19,"Esbjerg U19 - AaB U19, 1 - 1 (E)",Middle,1
Esbjerg U19,"Esbjerg U19 - AaB U19, 1 - 1 (E)",Nordsjælland U19,1
Esbjerg U19,"Esbjerg U19 - Brøndby U19, 2 - 3",Esbjerg U19,1
Esbjerg U19,"Esbjerg U19 - Brøndby U19, 2 - 3",Middle,1
Esbjerg U19,"Esbjerg U19 - Brøndby U19, 2 - 3",Nordsjælland U19,1
Esbjerg U19,"Esbjerg U19 - Horsens U19, 2 - 2 (P)",Esbjerg U19,1
Esbjerg U19,"Esbjerg U19 - Horsens U19, 2 - 2 (P)",Middle,1
Esbjerg U19,"Esbjerg U19 - Horsens U19, 2 - 2 (P)",Nordsjælland U19,1
Esbjerg U19,"Esbjerg U19 - København U19, 1 - 6",Esbjerg U19,1
Esbjerg U19,"Esbjerg U19 - København U19, 1 - 6",Middle,1
Esbjerg U19,"Esbjerg U19 - København U19, 1 - 6",Nordsjælland U19,1
Esbjerg U19,"Esbjerg U19 - Lyngby U19, 0 - 3",Esbjerg U19,1
Esbjerg U19,"Esbjerg U19 - Lyngby U19, 0 - 3",Middle,1
Esbjerg U19,"Esbjerg U19 - Lyngby U19, 0 - 3",Nordsjælland U19,1
Esbjerg U19,"Esbjerg U19 - Nordsjælland U19, 1 - 2",Esbjerg U19,1
Esbjerg U19,"Esbjerg U19 - Nordsjælland U19, 1 - 2",Middle,1
Esbjerg U19,"Esbjerg U19 - Nordsjælland U19, 1 - 2",Nordsjælland U19,1
Esbjerg U19,"Esbjerg U19 - OB U19, 3 - 5",Esbjerg U19,1
Esbjerg U19,"Esbjerg U19 - OB U19, 3 - 5",Middle,1
Esbjerg U19,"Esbjerg U19 - OB U19, 3 - 5",Nordsjælland U19,1
Esbjerg U19,"Esbjerg U19 - Randers U19, 1 - 0",Esbjerg U19,1
Esbjerg U19,"Esbjerg U19 - Randers U19, 1 - 0",Middle,1
Esbjerg U19,"Esbjerg U19 - Randers U19, 1 - 0",Nordsjælland U19,1
Esbjerg U19,"Esbjerg U19 - Silkeborg U19, 4 - 0",Esbjerg U19,1
Esbjerg U19,"Esbjerg U19 - Silkeborg U19, 4 - 0",Middle,1
Esbjerg U19,"Esbjerg U19 - Silkeborg U19, 4 - 0",Nordsjælland U19,1
Esbjerg U19,"Esbjerg U19 - SønderjyskE U19, 0 - 3",Esbjerg U19,1
Esbjerg U19,"Esbjerg U19 - SønderjyskE U19, 0 - 3",Middle,1
Esbjerg U19,"Esbjerg U19 - SønderjyskE U19, 0 - 3",Nordsjælland U19,1
Esbjerg U19,"Esbjerg U19 - Vejle U19, 2 - 3",Esbjerg U19,1
Esbjerg U19,"Esbjerg U19 - Vejle U19, 2 - 3",Middle,1
Esbjerg U19,"Esbjerg U19 - Vejle U19, 2 - 3",Nordsjælland U19,1
Esbjerg U19,"Horsens U19 - Esbjerg U19, 3 - 1",Esbjerg U19,1
Esbjerg U19,"Horsens U19 - Esbjerg U19, 3 - 1",Middle,1
Esbjerg U19,"Horsens U19 - Esbjerg U19, 3 - 1",Nordsjælland U19,1
Esbjerg U19,"København U19 - Esbjerg U19, 5 - 1",Esbjerg U19,1
Esbjerg U19,"København U19 - Esbjerg U19, 5 - 1",Middle,1
Esbjerg U19,"København U19 - Esbjerg U19, 5 - 1",Nordsjælland U19,1
Esbjerg U19,"Lyngby U19 - Esbjerg U19, 3 - 3 (P)",Esbjerg U19,1
Esbjerg U19,"Lyngby U19 - Esbjerg U19, 3 - 3 (P)",Middle,1
Esbjerg U19,"Lyngby U19 - Esbjerg U19, 3 - 3 (P)",Nordsjælland U19,1
Esbjerg U19,"Midtjylland U19 - Esbjerg U19, 4 - 1",Esbjerg U19,1
Esbjerg U19,"Midtjylland U19 - Esbjerg U19, 4 - 1",Middle,1
Esbjerg U19,"Midtjylland U19 - Esbjerg U19, 4 - 1",Nordsjælland U19,1
Esbjerg U19,"Nordsjælland U19 - Esbjerg U19, 5 - 2",Esbjerg U19,1
Esbjerg U19,"Nordsjælland U19 - Esbjerg U19, 5 - 2",Middle,1
Esbjerg U19,"Nordsjælland U19 - Esbjerg U19, 5 - 2",Nordsjælland U19,1
Esbjerg U19,"OB U19 - Esbjerg U19, 1 - 0",Esbjerg U19,1
Esbjerg U19,"OB U19 - Esbjerg U19, 1 - 0",Middle,1
Esbjerg U19,"OB U19 - Esbjerg U19, 1 - 0",Nordsjælland U19,1
Esbjerg U19,"Randers U19 - Esbjerg U19, 1 - 4",Esbjerg U19,1
Esbjerg U19,"Randers U19 - Esbjerg U19, 1 - 4",Middle,1
Esbjerg U19,"Randers U19 - Esbjerg U19, 1 - 4",Nordsjælland U19,1
Esbjerg U19,"Silkeborg U19 - Esbjerg U19, 2 - 1",Esbjerg U19,1
Esbjerg U19,"Silkeborg U19 - Esbjerg U19, 2 - 1",Middle,1
Esbjerg U19,"Silkeborg U19 - Esbjerg U19, 2 - 1",Nordsjælland U19,1
Esbjerg U19,"SønderjyskE U19 - Esbjerg U19, 5 - 2",Esbjerg U19,1
Esbjerg U19,"SønderjyskE U19 - Esbjerg U19, 5 - 2",Middle,1
Esbjerg U19,"SønderjyskE U19 - Esbjerg U19, 5 - 2",Nordsjælland U19,1
Esbjerg U19,"Vejle U19 - Esbjerg U19, 2 - 0",Esbjerg U19,1
Esbjerg U19,"Vejle U19 - Esbjerg U19, 2 - 0",Middle,1
Esbjerg U19,"Vejle U19 - Esbjerg U19, 2 - 0",Nordsjælland U19,1
Horsens U19,"AGF U19 - Horsens U19, 1 - 2",Horsens U19,1
Horsens U19,"AGF U19 - Horsens U19, 1 - 2",Middle,1
Horsens U19,"AGF U19 - Horsens U19, 1 - 2",Nordsjælland U19,1
Horsens U19,"Brøndby U19 - Horsens U19, 4 - 1",Horsens U19,1
Horsens U19,"Brøndby U19 - Horsens U19, 4 - 1",Middle,1
Horsens U19,"Brøndby U19 - Horsens U19, 4 - 1",Nordsjælland U19,1
Horsens U19,"Esbjerg U19 - Horsens U19, 2 - 2 (P)",Horsens U19,1
Horsens U19,"Esbjerg U19 - Horsens U19, 2 - 2 (P)",Middle,1
Horsens U19,"Esbjerg U19 - Horsens U19, 2 - 2 (P)",Nordsjælland U19,1
Horsens U19,"Horsens U19 - AGF U19, 6 - 2",Horsens U19,1
Horsens U19,"Horsens U19 - AGF U19, 6 - 2",Middle,1
Horsens U19,"Horsens U19 - AGF U19, 6 - 2",Nordsjælland U19,1
Horsens U19,"Horsens U19 - AaB U19, 4 - 4 (P)",Horsens U19,1
Horsens U19,"Horsens U19 - AaB U19, 4 - 4 (P)",Middle,1
Horsens U19,"Horsens U19 - AaB U19, 4 - 4 (P)",Nordsjælland U19,1
Horsens U19,"Horsens U19 - Brøndby U19, 3 - 6",Horsens U19,1
Horsens U19,"Horsens U19 - Brøndby U19, 3 - 6",Middle,1
Horsens U19,"Horsens U19 - Brøndby U19, 3 - 6",Nordsjælland U19,1
Horsens U19,"Horsens U19 - Esbjerg U19, 3 - 1",Horsens U19,1
Horsens U19,"Horsens U19 - Esbjerg U19, 3 - 1",Middle,1
Horsens U19,"Horsens U19 - Esbjerg U19, 3 - 1",Nordsjælland U19,1
Horsens U19,"Horsens U19 - København U19, 0 - 4",Horsens U19,1
Horsens U19,"Horsens U19 - København U19, 0 - 4",Middle,1
Horsens U19,"Horsens U19 - København U19, 0 - 4",Nordsjælland U19,1
Horsens U19,"Horsens U19 - Lyngby U19, 2 - 2",Horsens U19,1
Horsens U19,"Horsens U19 - Lyngby U19, 2 - 2",Middle,1
Horsens U19,"Horsens U19 - Lyngby U19, 2 - 2",Nordsjælland U19,1
Horsens U19,"Horsens U19 - Midtjylland U19, 1 - 2",Horsens U19,1
Horsens U19,"Horsens U19 - Midtjylland U19, 1 - 2",Middle,1
Horsens U19,"Horsens U19 - Midtjylland U19, 1 - 2",Nordsjælland U19,1
Horsens U19,"Horsens U19 - Nordsjælland U19, 3 - 2",Horsens U19,1
Horsens U19,"Horsens U19 - Nordsjælland U19, 3 - 2",Middle,1
Horsens U19,"Horsens U19 - Nordsjælland U19, 3 - 2",Nordsjælland U19,1
Horsens U19,"Horsens U19 - Randers U19, 2 - 5",Horsens U19,1
Horsens U19,"Horsens U19 - Randers U19, 2 - 5",Middle,1
Horsens U19,"Horsens U19 - Randers U19, 2 - 5",Nordsjælland U19,1
Horsens U19,"Horsens U19 - Silkeborg U19, 3 - 3",Horsens U19,1
Horsens U19,"Horsens U19 - Silkeborg U19, 3 - 3",Middle,1
Horsens U19,"Horsens U19 - Silkeborg U19, 3 - 3",Nordsjælland U19,1
Horsens U19,"Horsens U19 - Vejle U19, 1 - 3",Horsens U19,1
Horsens U19,"Horsens U19 - Vejle U19, 1 - 3",Middle,1
Horsens U19,"Horsens U19 - Vejle U19, 1 - 3",Nordsjælland U19,1
Horsens U19,"København U19 - Horsens U19, 1 - 0",Horsens U19,1
Horsens U19,"København U19 - Horsens U19, 1 - 0",Middle,1
Horsens U19,"København U19 - Horsens U19, 1 - 0",Nordsjælland U19,1
Horsens U19,"Lyngby U19 - Horsens U19, 3 - 1",Horsens U19,1
Horsens U19,"Lyngby U19 - Horsens U19, 3 - 1",Middle,1
Horsens U19,"Lyngby U19 - Horsens U19, 3 - 1",Nordsjælland U19,1
Horsens U19,"Midtjylland U19 - Horsens U19, 3 - 1",Horsens U19,1
Horsens U19,"Midtjylland U19 - Horsens U19, 3 - 1",Middle,1
Horsens U19,"Midtjylland U19 - Horsens U19, 3 - 1",Nordsjælland U19,1
Horsens U19,"Nordsjælland U19 - Horsens U19, 0 - 2",Horsens U19,1
Horsens U19,"Nordsjælland U19 - Horsens U19, 0 - 2",Middle,1
Horsens U19,"Nordsjælland U19 - Horsens U19, 0 - 2",Nordsjælland U19,1
Horsens U19,"OB U19 - Horsens U19, 2 - 0",Horsens U19,1
Horsens U19,"OB U19 - Horsens U19, 2 - 0",Middle,1
Horsens U19,"OB U19 - Horsens U19, 2 - 0",Nordsjælland U19,1
Horsens U19,"Silkeborg U19 - Horsens U19, 3 - 0",Horsens U19,1
Horsens U19,"Silkeborg U19 - Horsens U19, 3 - 0",Middle,1
Horsens U19,"Silkeborg U19 - Horsens U19, 3 - 0",Nordsjælland U19,1
Horsens U19,"SønderjyskE U19 - Horsens U19, 2 - 0",Horsens U19,1
Horsens U19,"SønderjyskE U19 - Horsens U19, 2 - 0",Middle,1
Horsens U19,"SønderjyskE U19 - Horsens U19, 2 - 0",Nordsjælland U19,1
København U19,"AGF U19 - København U19, 1 - 3",København U19,1
København U19,"AGF U19 - København U19, 1 - 3",Middle,1
København U19,"AGF U19 - København U19, 1 - 3",Nordsjælland U19,1
København U19,"AaB U19 - København U19, 1 - 3",København U19,1
København U19,"AaB U19 - København U19, 1 - 3",Middle,1
København U19,"AaB U19 - København U19, 1 - 3",Nordsjælland U19,1
København U19,"Brøndby U19 - København U19, 1 - 0",København U19,1
København U19,"Brøndby U19 - København U19, 1 - 0",Middle,1
København U19,"Brøndby U19 - København U19, 1 - 0",Nordsjælland U19,1
København U19,"Esbjerg U19 - København U19, 1 - 6",København U19,1
København U19,"Esbjerg U19 - København U19, 1 - 6",Middle,1
København U19,"Esbjerg U19 - København U19, 1 - 6",Nordsjælland U19,1
København U19,"Horsens U19 - København U19, 0 - 4",København U19,1
København U19,"Horsens U19 - København U19, 0 - 4",Middle,1
København U19,"Horsens U19 - København U19, 0 - 4",Nordsjælland U19,1
København U19,"København U19 - AGF U19, 3 - 1",København U19,1
København U19,"København U19 - AGF U19, 3 - 1",Middle,1
København U19,"København U19 - AGF U19, 3 - 1",Nordsjælland U19,1
København U19,"København U19 - AaB U19, 3 - 1",København U19,1
København U19,"København U19 - AaB U19, 3 - 1",Middle,1
København U19,"København U19 - AaB U19, 3 - 1",Nordsjælland U19,1
København U19,"København U19 - Brøndby U19, 2 - 0",København U19,1
København U19,"København U19 - Brøndby U19, 2 - 0",Middle,1
København U19,"København U19 - Brøndby U19, 2 - 0",Nordsjælland U19,1
København U19,"København U19 - Esbjerg U19, 5 - 1",København U19,1
København U19,"København U19 - Esbjerg U19, 5 - 1",Middle,1
København U19,"København U19 - Esbjerg U19, 5 - 1",Nordsjælland U19,1
København U19,"København U19 - Horsens U19, 1 - 0",København U19,1
København U19,"København U19 - Horsens U19, 1 - 0",Middle,1
København U19,"København U19 - Horsens U19, 1 - 0",Nordsjælland U19,1
København U19,"København U19 - Lyngby U19, 2 - 2 (P)",København U19,1
København U19,"København U19 - Lyngby U19, 2 - 2 (P)",Middle,1
København U19,"København U19 - Lyngby U19, 2 - 2 (P)",Nordsjælland U19,1
København U19,"København U19 - Midtjylland U19, 1 - 2",København U19,1
København U19,"København U19 - Midtjylland U19, 1 - 2",Middle,1
København U19,"København U19 - Midtjylland U19, 1 - 2",Nordsjælland U19,1
København U19,"København U19 - Nordsjælland U19, 1 - 3",København U19,1
København U19,"København U19 - Nordsjælland U19, 1 - 3",Middle,1
København U19,"København U19 - Nordsjælland U19, 1 - 3",Nordsjælland U19,1
København U19,"København U19 - OB U19, 1 - 1",København U19,1
København U19,"København U19 - OB U19, 1 - 1",Middle,1
København U19,"København U19 - OB U19, 1 - 1",Nordsjælland U19,1
København U19,"København U19 - Randers U19, 5 - 1",København U19,1
København U19,"København U19 - Randers U19, 5 - 1",Middle,1
København U19,"København U19 - Randers U19, 5 - 1",Nordsjælland U19,1
København U19,"København U19 - Silkeborg U19, 5 - 0",København U19,1
København U19,"København U19 - Silkeborg U19, 5 - 0",Middle,1
København U19,"København U19 - Silkeborg U19, 5 - 0",Nordsjælland U19,1
København U19,"København U19 - SønderjyskE U19, 5 - 0",København U19,1
København U19,"København U19 - SønderjyskE U19, 5 - 0",Middle,1
København U19,"København U19 - SønderjyskE U19, 5 - 0",Nordsjælland U19,1
København U19,"København U19 - Vejle U19, 4 - 0",København U19,1
København U19,"København U19 - Vejle U19, 4 - 0",Middle,1
København U19,"København U19 - Vejle U19, 4 - 0",Nordsjælland U19,1
København U19,"Lyngby U19 - København U19, 2 - 2 (P)",København U19,1
København U19,"Lyngby U19 - København U19, 2 - 2 (P)",Middle,1
København U19,"Lyngby U19 - København U19, 2 - 2 (P)",Nordsjælland U19,1
København U19,"Midtjylland U19 - København U19, 0 - 4",København U19,1
København U19,"Midtjylland U19 - København U19, 0 - 4",Middle,1
København U19,"Midtjylland U19 - København U19, 0 - 4",Nordsjælland U19,1
København U19,"Nordsjælland U19 - København U19, 4 - 4 (P)",København U19,1
København U19,"Nordsjælland U19 - København U19, 4 - 4 (P)",Middle,1
København U19,"Nordsjælland U19 - København U19, 4 - 4 (P)",Nordsjælland U19,1
København U19,"OB U19 - København U19, 1 - 2",København U19,1
København U19,"OB U19 - København U19, 1 - 2",Middle,1
København U19,"OB U19 - København U19, 1 - 2",Nordsjælland U19,1
København U19,"Randers U19 - København U19, 2 - 1",København U19,1
København U19,"Randers U19 - København U19, 2 - 1",Middle,1
København U19,"Randers U19 - København U19, 2 - 1",Nordsjælland U19,1
København U19,"Silkeborg U19 - København U19, 1 - 3",København U19,1
København U19,"Silkeborg U19 - København U19, 1 - 3",Middle,1
København U19,"Silkeborg U19 - København U19, 1 - 3",Nordsjælland U19,1
København U19,"SønderjyskE U19 - København U19, 2 - 3",København U19,1
København U19,"SønderjyskE U19 - København U19, 2 - 3",Middle,1
København U19,"SønderjyskE U19 - København U19, 2 - 3",Nordsjælland U19,1
København U19,"Vejle U19 - København U19, 2 - 4",København U19,1
København U19,"Vejle U19 - København U19, 2 - 4",Middle,1
København U19,"Vejle U19 - København U19, 2 - 4",Nordsjælland U19,1
Lyngby U19,"AaB U19 - Lyngby U19, 1 - 2",Lyngby U19,1
Lyngby U19,"AaB U19 - Lyngby U19, 1 - 2",Middle,1
Lyngby U19,"AaB U19 - Lyngby U19, 1 - 2",Nordsjælland U19,1
Lyngby U19,"Brøndby U19 - Lyngby U19, 2 - 0",Lyngby U19,1
Lyngby U19,"Brøndby U19 - Lyngby U19, 2 - 0",Middle,1
Lyngby U19,"Brøndby U19 - Lyngby U19, 2 - 0",Nordsjælland U19,1
Lyngby U19,"Esbjerg U19 - Lyngby U19, 0 - 3",Lyngby U19,1
Lyngby U19,"Esbjerg U19 - Lyngby U19, 0 - 3",Middle,1
Lyngby U19,"Esbjerg U19 - Lyngby U19, 0 - 3",Nordsjælland U19,1
Lyngby U19,"Horsens U19 - Lyngby U19, 2 - 2",Lyngby U19,1
Lyngby U19,"Horsens U19 - Lyngby U19, 2 - 2",Middle,1
Lyngby U19,"Horsens U19 - Lyngby U19, 2 - 2",Nordsjælland U19,1
Lyngby U19,"København U19 - Lyngby U19, 2 - 2 (P)",Lyngby U19,1
Lyngby U19,"København U19 - Lyngby U19, 2 - 2 (P)",Middle,1
Lyngby U19,"København U19 - Lyngby U19, 2 - 2 (P)",Nordsjælland U19,1
Lyngby U19,"Lyngby U19 - AGF U19, 0 - 2",Lyngby U19,1
Lyngby U19,"Lyngby U19 - AGF U19, 0 - 2",Middle,1
Lyngby U19,"Lyngby U19 - AGF U19, 0 - 2",Nordsjælland U19,1
Lyngby U19,"Lyngby U19 - AGF U19, 1 - 1 (P)",Lyngby U19,1
Lyngby U19,"Lyngby U19 - AGF U19, 1 - 1 (P)",Middle,1
Lyngby U19,"Lyngby U19 - AGF U19, 1 - 1 (P)",Nordsjælland U19,1
Lyngby U19,"Lyngby U19 - AaB U19, 2 - 1",Lyngby U19,1
Lyngby U19,"Lyngby U19 - AaB U19, 2 - 1",Middle,1
Lyngby U19,"Lyngby U19 - AaB U19, 2 - 1",Nordsjælland U19,1
Lyngby U19,"Lyngby U19 - Brøndby U19, 1 - 3",Lyngby U19,1
Lyngby U19,"Lyngby U19 - Brøndby U19, 1 - 3",Middle,1
Lyngby U19,"Lyngby U19 - Brøndby U19, 1 - 3",Nordsjælland U19,1
Lyngby U19,"Lyngby U19 - Esbjerg U19, 3 - 3 (P)",Lyngby U19,1
Lyngby U19,"Lyngby U19 - Esbjerg U19, 3 - 3 (P)",Middle,1
Lyngby U19,"Lyngby U19 - Esbjerg U19, 3 - 3 (P)",Nordsjælland U19,1
Lyngby U19,"Lyngby U19 - Horsens U19, 3 - 1",Lyngby U19,1
Lyngby U19,"Lyngby U19 - Horsens U19, 3 - 1",Middle,1
Lyngby U19,"Lyngby U19 - Horsens U19, 3 - 1",Nordsjælland U19,1
Lyngby U19,"Lyngby U19 - København U19, 2 - 2 (P)",Lyngby U19,1
Lyngby U19,"Lyngby U19 - København U19, 2 - 2 (P)",Middle,1
Lyngby U19,"Lyngby U19 - København U19, 2 - 2 (P)",Nordsjælland U19,1
Lyngby U19,"Lyngby U19 - Midtjylland U19, 0 - 3",Lyngby U19,1
Lyngby U19,"Lyngby U19 - Midtjylland U19, 0 - 3",Middle,1
Lyngby U19,"Lyngby U19 - Midtjylland U19, 0 - 3",Nordsjælland U19,1
Lyngby U19,"Lyngby U19 - Nordsjælland U19, 1 - 3",Lyngby U19,1
Lyngby U19,"Lyngby U19 - Nordsjælland U19, 1 - 3",Middle,1
Lyngby U19,"Lyngby U19 - Nordsjælland U19, 1 - 3",Nordsjælland U19,1
Lyngby U19,"Lyngby U19 - OB U19, 0 - 1",Lyngby U19,1
Lyngby U19,"Lyngby U19 - OB U19, 0 - 1",Middle,1
Lyngby U19,"Lyngby U19 - OB U19, 0 - 1",Nordsjælland U19,1
Lyngby U19,"Lyngby U19 - Randers U19, 0 - 1",Lyngby U19,1
Lyngby U19,"Lyngby U19 - Randers U19, 0 - 1",Middle,1
Lyngby U19,"Lyngby U19 - Randers U19, 0 - 1",Nordsjælland U19,1
Lyngby U19,"Lyngby U19 - Silkeborg U19, 3 - 3",Lyngby U19,1
Lyngby U19,"Lyngby U19 - Silkeborg U19, 3 - 3",Middle,1
Lyngby U19,"Lyngby U19 - Silkeborg U19, 3 - 3",Nordsjælland U19,1
Lyngby U19,"Lyngby U19 - SønderjyskE U19, 3 - 3",Lyngby U19,1
Lyngby U19,"Lyngby U19 - SønderjyskE U19, 3 - 3",Middle,1
Lyngby U19,"Lyngby U19 - SønderjyskE U19, 3 - 3",Nordsjælland U19,1
Lyngby U19,"Lyngby U19 - Vejle U19, 2 - 1",Lyngby U19,1
Lyngby U19,"Lyngby U19 - Vejle U19, 2 - 1",Middle,1
Lyngby U19,"Lyngby U19 - Vejle U19, 2 - 1",Nordsjælland U19,1
Lyngby U19,"Midtjylland U19 - Lyngby U19, 4 - 1",Lyngby U19,1
Lyngby U19,"Midtjylland U19 - Lyngby U19, 4 - 1",Middle,1
Lyngby U19,"Midtjylland U19 - Lyngby U19, 4 - 1",Nordsjælland U19,1
Lyngby U19,"Nordsjælland U19 - Lyngby U19, 2 - 2",Lyngby U19,1
Lyngby U19,"Nordsjælland U19 - Lyngby U19, 2 - 2",Middle,1
Lyngby U19,"Nordsjælland U19 - Lyngby U19, 2 - 2",Nordsjælland U19,1
Lyngby U19,"OB U19 - Lyngby U19, 2 - 0",Lyngby U19,1
Lyngby U19,"OB U19 - Lyngby U19, 2 - 0",Middle,1
Lyngby U19,"OB U19 - Lyngby U19, 2 - 0",Nordsjælland U19,1
Lyngby U19,"Randers U19 - Lyngby U19, 1 - 2",Lyngby U19,1
Lyngby U19,"Randers U19 - Lyngby U19, 1 - 2",Middle,1
Lyngby U19,"Randers U19 - Lyngby U19, 1 - 2",Nordsjælland U19,1
Lyngby U19,"Silkeborg U19 - Lyngby U19, 1 - 0",Lyngby U19,1
Lyngby U19,"Silkeborg U19 - Lyngby U19, 1 - 0",Middle,1
Lyngby U19,"Silkeborg U19 - Lyngby U19, 1 - 0",Nordsjælland U19,1
Lyngby U19,"SønderjyskE U19 - Lyngby U19, 1 - 3",Lyngby U19,1
Lyngby U19,"SønderjyskE U19 - Lyngby U19, 1 - 3",Middle,1
Lyngby U19,"SønderjyskE U19 - Lyngby U19, 1 - 3",Nordsjælland U19,1
Midtjylland U19,"AGF U19 - Midtjylland U19, 4 - 0",Middle,1
Midtjylland U19,"AGF U19 - Midtjylland U19, 4 - 0",Midtjylland U19,1
Midtjylland U19,"AGF U19 - Midtjylland U19, 4 - 0",Nordsjælland U19,1
Midtjylland U19,"AaB U19 - Midtjylland U19, 2 - 1",Middle,1
Midtjylland U19,"AaB U19 - Midtjylland U19, 2 - 1",Midtjylland U19,1
Midtjylland U19,"AaB U19 - Midtjylland U19, 2 - 1",Nordsjælland U19,1
Midtjylland U19,"Brøndby U19 - Midtjylland U19, 4 - 3",Middle,1
Midtjylland U19,"Brøndby U19 - Midtjylland U19, 4 - 3",Midtjylland U19,1
Midtjylland U19,"Brøndby U19 - Midtjylland U19, 4 - 3",Nordsjælland U19,1
Midtjylland U19,"Horsens U19 - Midtjylland U19, 1 - 2",Middle,1
Midtjylland U19,"Horsens U19 - Midtjylland U19, 1 - 2",Midtjylland U19,1
Midtjylland U19,"Horsens U19 - Midtjylland U19, 1 - 2",Nordsjælland U19,1
Midtjylland U19,"København U19 - Midtjylland U19, 1 - 2",Middle,1
Midtjylland U19,"København U19 - Midtjylland U19, 1 - 2",Midtjylland U19,1
Midtjylland U19,"København U19 - Midtjylland U19, 1 - 2",Nordsjælland U19,1
Midtjylland U19,"Lyngby U19 - Midtjylland U19, 0 - 3",Middle,1
Midtjylland U19,"Lyngby U19 - Midtjylland U19, 0 - 3",Midtjylland U19,1
Midtjylland U19,"Lyngby U19 - Midtjylland U19, 0 - 3",Nordsjælland U19,1
Midtjylland U19,"Midtjylland U19 - AGF U19, 4 - 0",Middle,1
Midtjylland U19,"Midtjylland U19 - AGF U19, 4 - 0",Midtjylland U19,1
Midtjylland U19,"Midtjylland U19 - AGF U19, 4 - 0",Nordsjælland U19,1
Midtjylland U19,"Midtjylland U19 - Brøndby U19, 3 - 2",Middle,1
Midtjylland U19,"Midtjylland U19 - Brøndby U19, 3 - 2",Midtjylland U19,1
Midtjylland U19,"Midtjylland U19 - Brøndby U19, 3 - 2",Nordsjælland U19,1
Midtjylland U19,"Midtjylland U19 - Esbjerg U19, 4 - 1",Middle,1
Midtjylland U19,"Midtjylland U19 - Esbjerg U19, 4 - 1",Midtjylland U19,1
Midtjylland U19,"Midtjylland U19 - Esbjerg U19, 4 - 1",Nordsjælland U19,1
Midtjylland U19,"Midtjylland U19 - Horsens U19, 3 - 1",Middle,1
Midtjylland U19,"Midtjylland U19 - Horsens U19, 3 - 1",Midtjylland U19,1
Midtjylland U19,"Midtjylland U19 - Horsens U19, 3 - 1",Nordsjælland U19,1
Midtjylland U19,"Midtjylland U19 - København U19, 0 - 4",Middle,1
Midtjylland U19,"Midtjylland U19 - København U19, 0 - 4",Midtjylland U19,1
Midtjylland U19,"Midtjylland U19 - København U19, 0 - 4",Nordsjælland U19,1
Midtjylland U19,"Midtjylland U19 - Lyngby U19, 4 - 1",Middle,1
Midtjylland U19,"Midtjylland U19 - Lyngby U19, 4 - 1",Midtjylland U19,1
Midtjylland U19,"Midtjylland U19 - Lyngby U19, 4 - 1",Nordsjælland U19,1
Midtjylland U19,"Midtjylland U19 - Nordsjælland U19, 2 - 5",Middle,1
Midtjylland U19,"Midtjylland U19 - Nordsjælland U19, 2 - 5",Midtjylland U19,1
Midtjylland U19,"Midtjylland U19 - Nordsjælland U19, 2 - 5",Nordsjælland U19,1
Midtjylland U19,"Midtjylland U19 - OB U19, 5 - 2",Middle,1
Midtjylland U19,"Midtjylland U19 - OB U19, 5 - 2",Midtjylland U19,1
Midtjylland U19,"Midtjylland U19 - OB U19, 5 - 2",Nordsjælland U19,1
Midtjylland U19,"Midtjylland U19 - Randers U19, 4 - 1",Middle,1
Midtjylland U19,"Midtjylland U19 - Randers U19, 4 - 1",Midtjylland U19,1
Midtjylland U19,"Midtjylland U19 - Randers U19, 4 - 1",Nordsjælland U19,1
Midtjylland U19,"Midtjylland U19 - Silkeborg U19, 6 - 2",Middle,1
Midtjylland U19,"Midtjylland U19 - Silkeborg U19, 6 - 2",Midtjylland U19,1
Midtjylland U19,"Midtjylland U19 - Silkeborg U19, 6 - 2",Nordsjælland U19,1
Midtjylland U19,"Midtjylland U19 - SønderjyskE U19, 6 - 4",Middle,1
Midtjylland U19,"Midtjylland U19 - SønderjyskE U19, 6 - 4",Midtjylland U19,1
Midtjylland U19,"Midtjylland U19 - SønderjyskE U19, 6 - 4",Nordsjælland U19,1
Midtjylland U19,"Midtjylland U19 - Vejle U19, 4 - 1",Middle,1
Midtjylland U19,"Midtjylland U19 - Vejle U19, 4 - 1",Midtjylland U19,1
Midtjylland U19,"Midtjylland U19 - Vejle U19, 4 - 1",Nordsjælland U19,1
Midtjylland U19,"Nordsjælland U19 - Midtjylland U19, 2 - 3",Middle,1
Midtjylland U19,"Nordsjælland U19 - Midtjylland U19, 2 - 3",Midtjylland U19,1
Midtjylland U19,"Nordsjælland U19 - Midtjylland U19, 2 - 3",Nordsjælland U19,1
Midtjylland U19,"Randers U19 - Midtjylland U19, 2 - 4",Middle,1
Midtjylland U19,"Randers U19 - Midtjylland U19, 2 - 4",Midtjylland U19,1
Midtjylland U19,"Randers U19 - Midtjylland U19, 2 - 4",Nordsjælland U19,1
Midtjylland U19,"Silkeborg U19 - Midtjylland U19, 0 - 3",Middle,1
Midtjylland U19,"Silkeborg U19 - Midtjylland U19, 0 - 3",Midtjylland U19,1
Midtjylland U19,"Silkeborg U19 - Midtjylland U19, 0 - 3",Nordsjælland U19,1
Midtjylland U19,"SønderjyskE U19 - Midtjylland U19, 0 - 6",Middle,1
Midtjylland U19,"SønderjyskE U19 - Midtjylland U19, 0 - 6",Midtjylland U19,1
Midtjylland U19,"SønderjyskE U19 - Midtjylland U19, 0 - 6",Nordsjælland U19,1
Midtjylland U19,"Vejle U19 - Midtjylland U19, 1 - 5",Middle,1
Midtjylland U19,"Vejle U19 - Midtjylland U19, 1 - 5",Midtjylland U19,1
Midtjylland U19,"Vejle U19 - Midtjylland U19, 1 - 5",Nordsjælland U19,1
Nordsjælland U19,"AGF U19 - Nordsjælland U19, 1 - 1",Lyngby U19,1
Nordsjælland U19,"AGF U19 - Nordsjælland U19, 1 - 1",Middle,1
Nordsjælland U19,"AGF U19 - Nordsjælland U19, 1 - 1",Nordsjælland U19,1
Nordsjælland U19,"AaB U19 - Nordsjælland U19, 1 - 1 (P)",Lyngby U19,1
Nordsjælland U19,"AaB U19 - Nordsjælland U19, 1 - 1 (P)",Middle,1
Nordsjælland U19,"AaB U19 - Nordsjælland U19, 1 - 1 (P)",Nordsjælland U19,1
Nordsjælland U19,"Brøndby U19 - Nordsjælland U19, 3 - 1",Lyngby U19,1
Nordsjælland U19,"Brøndby U19 - Nordsjælland U19, 3 - 1",Middle,1
Nordsjælland U19,"Brøndby U19 - Nordsjælland U19, 3 - 1",Nordsjælland U19,1
Nordsjælland U19,"Esbjerg U19 - Nordsjælland U19, 1 - 2",Lyngby U19,1
Nordsjælland U19,"Esbjerg U19 - Nordsjælland U19, 1 - 2",Middle,1
Nordsjælland U19,"Esbjerg U19 - Nordsjælland U19, 1 - 2",Nordsjælland U19,1
Nordsjælland U19,"Horsens U19 - Nordsjælland U19, 3 - 2",Lyngby U19,1
Nordsjælland U19,"Horsens U19 - Nordsjælland U19, 3 - 2",Middle,1
Nordsjælland U19,"Horsens U19 - Nordsjælland U19, 3 - 2",Nordsjælland U19,1
Nordsjælland U19,"København U19 - Nordsjælland U19, 1 - 3",Lyngby U19,1
Nordsjælland U19,"København U19 - Nordsjælland U19, 1 - 3",Middle,1
Nordsjælland U19,"København U19 - Nordsjælland U19, 1 - 3",Nordsjælland U19,1
Nordsjælland U19,"Lyngby U19 - Nordsjælland U19, 1 - 3",Lyngby U19,1
Nordsjælland U19,"Lyngby U19 - Nordsjælland U19, 1 - 3",Middle,1
Nordsjælland U19,"Lyngby U19 - Nordsjælland U19, 1 - 3",Nordsjælland U19,1
Nordsjælland U19,"Midtjylland U19 - Nordsjælland U19, 2 - 5",Lyngby U19,1
Nordsjælland U19,"Midtjylland U19 - Nordsjælland U19, 2 - 5",Middle,1
Nordsjælland U19,"Midtjylland U19 - Nordsjælland U19, 2 - 5",Nordsjælland U19,1
Nordsjælland U19,"Nordsjælland U19 - AGF U19, 3 - 2",Lyngby U19,1
Nordsjælland U19,"Nordsjælland U19 - AGF U19, 3 - 2",Middle,1
Nordsjælland U19,"Nordsjælland U19 - AGF U19, 3 - 2",Nordsjælland U19,1
Nordsjælland U19,"Nordsjælland U19 - AaB U19, 2 - 2",Lyngby U19,1
Nordsjælland U19,"Nordsjælland U19 - AaB U19, 2 - 2",Middle,1
Nordsjælland U19,"Nordsjælland U19 - AaB U19, 2 - 2",Nordsjælland U19,1
Nordsjælland U19,"Nordsjælland U19 - Brøndby U19, 1 - 1 (P)",Lyngby U19,1
Nordsjælland U19,"Nordsjælland U19 - Brøndby U19, 1 - 1 (P)",Middle,1
Nordsjælland U19,"Nordsjælland U19 - Brøndby U19, 1 - 1 (P)",Nordsjælland U19,1
Nordsjælland U19,"Nordsjælland U19 - Esbjerg U19, 5 - 2",Lyngby U19,1
Nordsjælland U19,"Nordsjælland U19 - Esbjerg U19, 5 - 2",Middle,1
Nordsjælland U19,"Nordsjælland U19 - Esbjerg U19, 5 - 2",Nordsjælland U19,1
Nordsjælland U19,"Nordsjælland U19 - Horsens U19, 0 - 2",Lyngby U19,1
Nordsjælland U19,"Nordsjælland U19 - Horsens U19, 0 - 2",Middle,1
Nordsjælland U19,"Nordsjælland U19 - Horsens U19, 0 - 2",Nordsjælland U19,1
Nordsjælland U19,"Nordsjælland U19 - København U19, 4 - 4 (P)",Lyngby U19,1
Nordsjælland U19,"Nordsjælland U19 - København U19, 4 - 4 (P)",Middle,1
Nordsjælland U19,"Nordsjælland U19 - København U19, 4 - 4 (P)",Nordsjælland U19,1
Nordsjælland U19,"Nordsjælland U19 - Lyngby U19, 2 - 2",Lyngby U19,1
Nordsjælland U19,"Nordsjælland U19 - Lyngby U19, 2 - 2",Middle,1
Nordsjælland U19,"Nordsjælland U19 - Lyngby U19, 2 - 2",Nordsjælland U19,1
Nordsjælland U19,"Nordsjælland U19 - Midtjylland U19, 2 - 3",Lyngby U19,1
Nordsjælland U19,"Nordsjælland U19 - Midtjylland U19, 2 - 3",Middle,1
Nordsjælland U19,"Nordsjælland U19 - Midtjylland U19, 2 - 3",Nordsjælland U19,1
Nordsjælland U19,"Nordsjælland U19 - OB U19, 1 - 1",Lyngby U19,1
Nordsjælland U19,"Nordsjælland U19 - OB U19, 1 - 1",Middle,1
Nordsjælland U19,"Nordsjælland U19 - OB U19, 1 - 1",Nordsjælland U19,1
Nordsjælland U19,"Nordsjælland U19 - Randers U19, 1 - 0",Lyngby U19,1
Nordsjælland U19,"Nordsjælland U19 - Randers U19, 1 - 0",Middle,1
Nordsjælland U19,"Nordsjælland U19 - Randers U19, 1 - 0",Nordsjælland U19,1
Nordsjælland U19,"Nordsjælland U19 - Silkeborg U19, 1 - 1 (P)",Lyngby U19,1
Nordsjælland U19,"Nordsjælland U19 - Silkeborg U19, 1 - 1 (P)",Middle,1
Nordsjælland U19,"Nordsjælland U19 - Silkeborg U19, 1 - 1 (P)",Nordsjælland U19,1
Nordsjælland U19,"Nordsjælland U19 - SønderjyskE U19, 6 - 0",Lyngby U19,1
Nordsjælland U19,"Nordsjælland U19 - SønderjyskE U19, 6 - 0",Middle,1
Nordsjælland U19,"Nordsjælland U19 - SønderjyskE U19, 6 - 0",Nordsjælland U19,1
Nordsjælland U19,"Nordsjælland U19 - Vejle U19, 5 - 1",Lyngby U19,1
Nordsjælland U19,"Nordsjælland U19 - Vejle U19, 5 - 1",Middle,1
Nordsjælland U19,"Nordsjælland U19 - Vejle U19, 5 - 1",Nordsjælland U19,1
Nordsjælland U19,"OB U19 - Nordsjælland U19, 0 - 4",Lyngby U19,1
Nordsjælland U19,"OB U19 - Nordsjælland U19, 0 - 4",Middle,1
Nordsjælland U19,"OB U19 - Nordsjælland U19, 0 - 4",Nordsjælland U19,1
Nordsjælland U19,"Randers U19 - Nordsjælland U19, 2 - 2 (P)",Lyngby U19,1
Nordsjælland U19,"Randers U19 - Nordsjælland U19, 2 - 2 (P)",Middle,1
Nordsjælland U19,"Randers U19 - Nordsjælland U19, 2 - 2 (P)",Nordsjælland U19,1
Nordsjælland U19,"Silkeborg U19 - Nordsjælland U19, 1 - 1",Lyngby U19,1
Nordsjælland U19,"Silkeborg U19 - Nordsjælland U19, 1 - 1",Middle,1
Nordsjælland U19,"Silkeborg U19 - Nordsjælland U19, 1 - 1",Nordsjælland U19,1
Nordsjælland U19,"SønderjyskE U19 - Nordsjælland U19, 0 - 0 (P)",Lyngby U19,1
Nordsjælland U19,"SønderjyskE U19 - Nordsjælland U19, 0 - 0 (P)",Middle,1
Nordsjælland U19,"SønderjyskE U19 - Nordsjælland U19, 0 - 0 (P)",Nordsjælland U19,1
Nordsjælland U19,"Vejle U19 - Nordsjælland U19, 1 - 1 (E)",Lyngby U19,1
Nordsjælland U19,"Vejle U19 - Nordsjælland U19, 1 - 1 (E)",Middle,1
Nordsjælland U19,"Vejle U19 - Nordsjælland U19, 1 - 1 (E)",Nordsjælland U19,1
OB U19,"AGF U19 - OB U19, 3 - 2",Middle,1
OB U19,"AGF U19 - OB U19, 3 - 2",Nordsjælland U19,1
OB U19,"AGF U19 - OB U19, 3 - 2",OB U19,1
OB U19,"AaB U19 - OB U19, 0 - 1",Middle,1
OB U19,"AaB U19 - OB U19, 0 - 1",Nordsjælland U19,1
OB U19,"AaB U19 - OB U19, 0 - 1",OB U19,1
OB U19,"Brøndby U19 - OB U19, 0 - 3",Middle,1
OB U19,"Brøndby U19 - OB U19, 0 - 3",Nordsjælland U19,1
OB U19,"Brøndby U19 - OB U19, 0 - 3",OB U19,1
OB U19,"Esbjerg U19 - OB U19, 3 - 5",Middle,1
OB U19,"Esbjerg U19 - OB U19, 3 - 5",Nordsjælland U19,1
OB U19,"Esbjerg U19 - OB U19, 3 - 5",OB U19,1
OB U19,"København U19 - OB U19, 1 - 1",Middle,1
OB U19,"København U19 - OB U19, 1 - 1",Nordsjælland U19,1
OB U19,"København U19 - OB U19, 1 - 1",OB U19,1
OB U19,"Lyngby U19 - OB U19, 0 - 1",Middle,1
OB U19,"Lyngby U19 - OB U19, 0 - 1",Nordsjælland U19,1
OB U19,"Lyngby U19 - OB U19, 0 - 1",OB U19,1
OB U19,"Midtjylland U19 - OB U19, 5 - 2",Middle,1
OB U19,"Midtjylland U19 - OB U19, 5 - 2",Nordsjælland U19,1
OB U19,"Midtjylland U19 - OB U19, 5 - 2",OB U19,1
OB U19,"Nordsjælland U19 - OB U19, 1 - 1",Middle,1
OB U19,"Nordsjælland U19 - OB U19, 1 - 1",Nordsjælland U19,1
OB U19,"Nordsjælland U19 - OB U19, 1 - 1",OB U19,1
OB U19,"OB U19 - AGF U19, 0 - 0",Middle,1
OB U19,"OB U19 - AGF U19, 0 - 0",Nordsjælland U19,1
OB U19,"OB U19 - AGF U19, 0 - 0",OB U19,1
OB U19,"OB U19 - AaB U19, 1 - 0",Middle,1
OB U19,"OB U19 - AaB U19, 1 - 0",Nordsjælland U19,1
OB U19,"OB U19 - AaB U19, 1 - 0",OB U19,1
OB U19,"OB U19 - Brøndby U19, 3 - 3 (P)",Middle,1
OB U19,"OB U19 - Brøndby U19, 3 - 3 (P)",Nordsjælland U19,1
OB U19,"OB U19 - Brøndby U19, 3 - 3 (P)",OB U19,1
OB U19,"OB U19 - Esbjerg U19, 1 - 0",Middle,1
OB U19,"OB U19 - Esbjerg U19, 1 - 0",Nordsjælland U19,1
OB U19,"OB U19 - Esbjerg U19, 1 - 0",OB U19,1
OB U19,"OB U19 - Horsens U19, 2 - 0",Middle,1
OB U19,"OB U19 - Horsens U19, 2 - 0",Nordsjælland U19,1
OB U19,"OB U19 - Horsens U19, 2 - 0",OB U19,1
OB U19,"OB U19 - København U19, 1 - 2",Middle,1
OB U19,"OB U19 - København U19, 1 - 2",Nordsjælland U19,1
OB U19,"OB U19 - København U19, 1 - 2",OB U19,1
OB U19,"OB U19 - Lyngby U19, 2 - 0",Middle,1
OB U19,"OB U19 - Lyngby U19, 2 - 0",Nordsjælland U19,1
OB U19,"OB U19 - Lyngby U19, 2 - 0",OB U19,1
OB U19,"OB U19 - Nordsjælland U19, 0 - 4",Middle,1
OB U19,"OB U19 - Nordsjælland U19, 0 - 4",Nordsjælland U19,1
OB U19,"OB U19 - Nordsjælland U19, 0 - 4",OB U19,1
OB U19,"OB U19 - Randers U19, 3 - 0",Middle,1
OB U19,"OB U19 - Randers U19, 3 - 0",Nordsjælland U19,1
OB U19,"OB U19 - Randers U19, 3 - 0",OB U19,1
OB U19,"OB U19 - SønderjyskE U19, 2 - 0",Middle,1
OB U19,"OB U19 - SønderjyskE U19, 2 - 0",Nordsjælland U19,1
OB U19,"OB U19 - SønderjyskE U19, 2 - 0",OB U19,1
OB U19,"OB U19 - Vejle U19, 1 - 0",Middle,1
OB U19,"OB U19 - Vejle U19, 1 - 0",Nordsjælland U19,1
OB U19,"OB U19 - Vejle U19, 1 - 0",OB U19,1
OB U19,"Randers U19 - OB U19, 1 - 1 (P)",Middle,1
OB U19,"Randers U19 - OB U19, 1 - 1 (P)",Nordsjælland U19,1
OB U19,"Randers U19 - OB U19, 1 - 1 (P)",OB U19,1
OB U19,"Silkeborg U19 - OB U19, 2 - 1",Middle,1
OB U19,"Silkeborg U19 - OB U19, 2 - 1",Nordsjælland U19,1
OB U19,"Silkeborg U19 - OB U19, 2 - 1",OB U19,1
OB U19,"SønderjyskE U19 - OB U19, 1 - 2",Middle,1
OB U19,"SønderjyskE U19 - OB U19, 1 - 2",Nordsjælland U19,1
OB U19,"SønderjyskE U19 - OB U19, 1 - 2",OB U19,1
OB U19,"Vejle U19 - OB U19, 0 - 2",Middle,1
OB U19,"Vejle U19 - OB U19, 0 - 2",Nordsjælland U19,1
OB U19,"Vejle U19 - OB U19, 0 - 2",OB U19,1
Randers U19,"AGF U19 - Randers U19, 1 - 2",Middle,1
Randers U19,"AGF U19 - Randers U19, 1 - 2",Nordsjælland U19,1
Randers U19,"AGF U19 - Randers U19, 1 - 2",Randers U19,1
Randers U19,"AaB U19 - Randers U19, 1 - 1 (P)",Middle,1
Randers U19,"AaB U19 - Randers U19, 1 - 1 (P)",Nordsjælland U19,1
Randers U19,"AaB U19 - Randers U19, 1 - 1 (P)",Randers U19,1
Randers U19,"Brøndby U19 - Randers U19, 6 - 3",Middle,1
Randers U19,"Brøndby U19 - Randers U19, 6 - 3",Nordsjælland U19,1
Randers U19,"Brøndby U19 - Randers U19, 6 - 3",Randers U19,1
Randers U19,"Esbjerg U19 - Randers U19, 1 - 0",Middle,1
Randers U19,"Esbjerg U19 - Randers U19, 1 - 0",Nordsjælland U19,1
Randers U19,"Esbjerg U19 - Randers U19, 1 - 0",Randers U19,1
Randers U19,"Horsens U19 - Randers U19, 2 - 5",Middle,1
Randers U19,"Horsens U19 - Randers U19, 2 - 5",Nordsjælland U19,1
Randers U19,"Horsens U19 - Randers U19, 2 - 5",Randers U19,1
Randers U19,"København U19 - Randers U19, 5 - 1",Middle,1
Randers U19,"København U19 - Randers U19, 5 - 1",Nordsjælland U19,1
Randers U19,"København U19 - Randers U19, 5 - 1",Randers U19,1
Randers U19,"Lyngby U19 - Randers U19, 0 - 1",Middle,1
Randers U19,"Lyngby U19 - Randers U19, 0 - 1",Nordsjælland U19,1
Randers U19,"Lyngby U19 - Randers U19, 0 - 1",Randers U19,1
Randers U19,"Midtjylland U19 - Randers U19, 4 - 1",Middle,1
Randers U19,"Midtjylland U19 - Randers U19, 4 - 1",Nordsjælland U19,1
Randers U19,"Midtjylland U19 - Randers U19, 4 - 1",Randers U19,1
Randers U19,"Nordsjælland U19 - Randers U19, 1 - 0",Middle,1
Randers U19,"Nordsjælland U19 - Randers U19, 1 - 0",Nordsjælland U19,1
Randers U19,"Nordsjælland U19 - Randers U19, 1 - 0",Randers U19,1
Randers U19,"OB U19 - Randers U19, 3 - 0",Middle,1
Randers U19,"OB U19 - Randers U19, 3 - 0",Nordsjælland U19,1
Randers U19,"OB U19 - Randers U19, 3 - 0",Randers U19,1
Randers U19,"Randers U19 - AGF U19, 0 - 2",Middle,1
Randers U19,"Randers U19 - AGF U19, 0 - 2",Nordsjælland U19,1
Randers U19,"Randers U19 - AGF U19, 0 - 2",Randers U19,1
Randers U19,"Randers U19 - AaB U19, 5 - 2",Middle,1
Randers U19,"Randers U19 - AaB U19, 5 - 2",Nordsjælland U19,1
Randers U19,"Randers U19 - AaB U19, 5 - 2",Randers U19,1
Randers U19,"Randers U19 - Brøndby U19, 3 - 1",Middle,1
Randers U19,"Randers U19 - Brøndby U19, 3 - 1",Nordsjælland U19,1
Randers U19,"Randers U19 - Brøndby U19, 3 - 1",Randers U19,1
Randers U19,"Randers U19 - Esbjerg U19, 1 - 4",Middle,1
Randers U19,"Randers U19 - Esbjerg U19, 1 - 4",Nordsjælland U19,1
Randers U19,"Randers U19 - Esbjerg U19, 1 - 4",Randers U19,1
Randers U19,"Randers U19 - København U19, 2 - 1",Middle,1
Randers U19,"Randers U19 - København U19, 2 - 1",Nordsjælland U19,1
Randers U19,"Randers U19 - København U19, 2 - 1",Randers U19,1
Randers U19,"Randers U19 - Lyngby U19, 1 - 2",Middle,1
Randers U19,"Randers U19 - Lyngby U19, 1 - 2",Nordsjælland U19,1
Randers U19,"Randers U19 - Lyngby U19, 1 - 2",Randers U19,1
Randers U19,"Randers U19 - Midtjylland U19, 2 - 4",Middle,1
Randers U19,"Randers U19 - Midtjylland U19, 2 - 4",Nordsjælland U19,1
Randers U19,"Randers U19 - Midtjylland U19, 2 - 4",Randers U19,1
Randers U19,"Randers U19 - Nordsjælland U19, 2 - 2 (P)",Middle,1
Randers U19,"Randers U19 - Nordsjælland U19, 2 - 2 (P)",Nordsjælland U19,1
Randers U19,"Randers U19 - Nordsjælland U19, 2 - 2 (P)",Randers U19,1
Randers U19,"Randers U19 - OB U19, 1 - 1 (P)",Middle,1
Randers U19,"Randers U19 - OB U19, 1 - 1 (P)",Nordsjælland U19,1
Randers U19,"Randers U19 - OB U19, 1 - 1 (P)",Randers U19,1
Randers U19,"Randers U19 - Silkeborg U19, 1 - 2",Middle,1
Randers U19,"Randers U19 - Silkeborg U19, 1 - 2",Nordsjælland U19,1
Randers U19,"Randers U19 - Silkeborg U19, 1 - 2",Randers U19,1
Randers U19,"Randers U19 - Vejle U19, 2 - 1",Middle,1
Randers U19,"Randers U19 - Vejle U19, 2 - 1",Nordsjælland U19,1
Randers U19,"Randers U19 - Vejle U19, 2 - 1",Randers U19,1
Randers U19,"Silkeborg U19 - Randers U19, 5 - 0",Middle,1
Randers U19,"Silkeborg U19 - Randers U19, 5 - 0",Nordsjælland U19,1
Randers U19,"Silkeborg U19 - Randers U19, 5 - 0",Randers U19,1
Randers U19,"SønderjyskE U19 - Randers U19, 3 - 4",Middle,1
Randers U19,"SønderjyskE U19 - Randers U19, 3 - 4",Nordsjælland U19,1
Randers U19,"SønderjyskE U19 - Randers U19, 3 - 4",Randers U19,1
Randers U19,"Vejle U19 - Randers U19, 0 - 1",Middle,1
Randers U19,"Vejle U19 - Randers U19, 0 - 1",Nordsjælland U19,1
Randers U19,"Vejle U19 - Randers U19, 0 - 1",Randers U19,1
Silkeborg U19,"AGF U19 - Silkeborg U19, 0 - 4",Middle,1
Silkeborg U19,"AGF U19 - Silkeborg U19, 0 - 4",Nordsjælland U19,1
Silkeborg U19,"AGF U19 - Silkeborg U19, 0 - 4",Silkeborg U19,1
Silkeborg U19,"AaB U19 - Silkeborg U19, 1 - 1 (P)",Middle,1
Silkeborg U19,"AaB U19 - Silkeborg U19, 1 - 1 (P)",Nordsjælland U19,1
Silkeborg U19,"AaB U19 - Silkeborg U19, 1 - 1 (P)",Silkeborg U19,1
Silkeborg U19,"Esbjerg U19 - Silkeborg U19, 4 - 0",Middle,1
Silkeborg U19,"Esbjerg U19 - Silkeborg U19, 4 - 0",Nordsjælland U19,1
Silkeborg U19,"Esbjerg U19 - Silkeborg U19, 4 - 0",Silkeborg U19,1
Silkeborg U19,"Horsens U19 - Silkeborg U19, 3 - 3",Middle,1
Silkeborg U19,"Horsens U19 - Silkeborg U19, 3 - 3",Nordsjælland U19,1
Silkeborg U19,"Horsens U19 - Silkeborg U19, 3 - 3",Silkeborg U19,1
Silkeborg U19,"København U19 - Silkeborg U19, 5 - 0",Middle,1
Silkeborg U19,"København U19 - Silkeborg U19, 5 - 0",Nordsjælland U19,1
Silkeborg U19,"København U19 - Silkeborg U19, 5 - 0",Silkeborg U19,1
Silkeborg U19,"Lyngby U19 - Silkeborg U19, 3 - 3",Middle,1
Silkeborg U19,"Lyngby U19 - Silkeborg U19, 3 - 3",Nordsjælland U19,1
Silkeborg U19,"Lyngby U19 - Silkeborg U19, 3 - 3",Silkeborg U19,1
Silkeborg U19,"Midtjylland U19 - Silkeborg U19, 6 - 2",Middle,1
Silkeborg U19,"Midtjylland U19 - Silkeborg U19, 6 - 2",Nordsjælland U19,1
Silkeborg U19,"Midtjylland U19 - Silkeborg U19, 6 - 2",Silkeborg U19,1
Silkeborg U19,"Nordsjælland U19 - Silkeborg U19, 1 - 1 (P)",Middle,1
Silkeborg U19,"Nordsjælland U19 - Silkeborg U19, 1 - 1 (P)",Nordsjælland U19,1
Silkeborg U19,"Nordsjælland U19 - Silkeborg U19, 1 - 1 (P)",Silkeborg U19,1
Silkeborg U19,"Randers U19 - Silkeborg U19, 1 - 2",Middle,1
Silkeborg U19,"Randers U19 - Silkeborg U19, 1 - 2",Nordsjælland U19,1
Silkeborg U19,"Randers U19 - Silkeborg U19, 1 - 2",Silkeborg U19,1
Silkeborg U19,"Silkeborg U19 - AGF U19, 2 - 1",Middle,1
Silkeborg U19,"Silkeborg U19 - AGF U19, 2 - 1",Nordsjælland U19,1
Silkeborg U19,"Silkeborg U19 - AGF U19, 2 - 1",Silkeborg U19,1
Silkeborg U19,"Silkeborg U19 - AaB U19, 3 - 1",Middle,1
Silkeborg U19,"Silkeborg U19 - AaB U19, 3 - 1",Nordsjælland U19,1
Silkeborg U19,"Silkeborg U19 - AaB U19, 3 - 1",Silkeborg U19,1
Silkeborg U19,"Silkeborg U19 - Brøndby U19, 2 - 5",Middle,1
Silkeborg U19,"Silkeborg U19 - Brøndby U19, 2 - 5",Nordsjælland U19,1
Silkeborg U19,"Silkeborg U19 - Brøndby U19, 2 - 5",Silkeborg U19,1
Silkeborg U19,"Silkeborg U19 - Esbjerg U19, 2 - 1",Middle,1
Silkeborg U19,"Silkeborg U19 - Esbjerg U19, 2 - 1",Nordsjælland U19,1
Silkeborg U19,"Silkeborg U19 - Esbjerg U19, 2 - 1",Silkeborg U19,1
Silkeborg U19,"Silkeborg U19 - Horsens U19, 3 - 0",Middle,1
Silkeborg U19,"Silkeborg U19 - Horsens U19, 3 - 0",Nordsjælland U19,1
Silkeborg U19,"Silkeborg U19 - Horsens U19, 3 - 0",Silkeborg U19,1
Silkeborg U19,"Silkeborg U19 - København U19, 1 - 3",Middle,1
Silkeborg U19,"Silkeborg U19 - København U19, 1 - 3",Nordsjælland U19,1
Silkeborg U19,"Silkeborg U19 - København U19, 1 - 3",Silkeborg U19,1
Silkeborg U19,"Silkeborg U19 - Lyngby U19, 1 - 0",Middle,1
Silkeborg U19,"Silkeborg U19 - Lyngby U19, 1 - 0",Nordsjælland U19,1
Silkeborg U19,"Silkeborg U19 - Lyngby U19, 1 - 0",Silkeborg U19,1
Silkeborg U19,"Silkeborg U19 - Midtjylland U19, 0 - 3",Middle,1
Silkeborg U19,"Silkeborg U19 - Midtjylland U19, 0 - 3",Nordsjælland U19,1
Silkeborg U19,"Silkeborg U19 - Midtjylland U19, 0 - 3",Silkeborg U19,1
Silkeborg U19,"Silkeborg U19 - Nordsjælland U19, 1 - 1",Middle,1
Silkeborg U19,"Silkeborg U19 - Nordsjælland U19, 1 - 1",Nordsjælland U19,1
Silkeborg U19,"Silkeborg U19 - Nordsjælland U19, 1 - 1",Silkeborg U19,1
Silkeborg U19,"Silkeborg U19 - OB U19, 2 - 1",Middle,1
Silkeborg U19,"Silkeborg U19 - OB U19, 2 - 1",Nordsjælland U19,1
Silkeborg U19,"Silkeborg U19 - OB U19, 2 - 1",Silkeborg U19,1
Silkeborg U19,"Silkeborg U19 - Randers U19, 5 - 0",Middle,1
Silkeborg U19,"Silkeborg U19 - Randers U19, 5 - 0",Nordsjælland U19,1
Silkeborg U19,"Silkeborg U19 - Randers U19, 5 - 0",Silkeborg U19,1
Silkeborg U19,"Silkeborg U19 - SønderjyskE U19, 2 - 0",Middle,1
Silkeborg U19,"Silkeborg U19 - SønderjyskE U19, 2 - 0",Nordsjælland U19,1
Silkeborg U19,"Silkeborg U19 - SønderjyskE U19, 2 - 0",Silkeborg U19,1
Silkeborg U19,"Silkeborg U19 - Vejle U19, 0 - 1",Middle,1
Silkeborg U19,"Silkeborg U19 - Vejle U19, 0 - 1",Nordsjælland U19,1
Silkeborg U19,"Silkeborg U19 - Vejle U19, 0 - 1",Silkeborg U19,1
Silkeborg U19,"Vejle U19 - Silkeborg U19, 0 - 3",Middle,1
Silkeborg U19,"Vejle U19 - Silkeborg U19, 0 - 3",Nordsjælland U19,1
Silkeborg U19,"Vejle U19 - Silkeborg U19, 0 - 3",Silkeborg U19,1
SønderjyskE U19,"AGF U19 - SønderjyskE U19, 4 - 4 (P)",Middle,1
SønderjyskE U19,"AGF U19 - SønderjyskE U19, 4 - 4 (P)",Nordsjælland U19,1
SønderjyskE U19,"AGF U19 - SønderjyskE U19, 4 - 4 (P)",SønderjyskE U19,1
SønderjyskE U19,"AaB U19 - SønderjyskE U19, 0 - 2",Middle,1
SønderjyskE U19,"AaB U19 - SønderjyskE U19, 0 - 2",Nordsjælland U19,1
SønderjyskE U19,"AaB U19 - SønderjyskE U19, 0 - 2",SønderjyskE U19,1
SønderjyskE U19,"Brøndby U19 - SønderjyskE U19, 3 - 2",Middle,1
SønderjyskE U19,"Brøndby U19 - SønderjyskE U19, 3 - 2",Nordsjælland U19,1
SønderjyskE U19,"Brøndby U19 - SønderjyskE U19, 3 - 2",SønderjyskE U19,1
SønderjyskE U19,"Esbjerg U19 - SønderjyskE U19, 0 - 3",Middle,1
SønderjyskE U19,"Esbjerg U19 - SønderjyskE U19, 0 - 3",Nordsjælland U19,1
SønderjyskE U19,"Esbjerg U19 - SønderjyskE U19, 0 - 3",SønderjyskE U19,1
SønderjyskE U19,"København U19 - SønderjyskE U19, 5 - 0",Middle,1
SønderjyskE U19,"København U19 - SønderjyskE U19, 5 - 0",Nordsjælland U19,1
SønderjyskE U19,"København U19 - SønderjyskE U19, 5 - 0",SønderjyskE U19,1
SønderjyskE U19,"Lyngby U19 - SønderjyskE U19, 3 - 3",Middle,1
SønderjyskE U19,"Lyngby U19 - SønderjyskE U19, 3 - 3",Nordsjælland U19,1
SønderjyskE U19,"Lyngby U19 - SønderjyskE U19, 3 - 3",SønderjyskE U19,1
SønderjyskE U19,"Midtjylland U19 - SønderjyskE U19, 6 - 4",Middle,1
SønderjyskE U19,"Midtjylland U19 - SønderjyskE U19, 6 - 4",Nordsjælland U19,1
SønderjyskE U19,"Midtjylland U19 - SønderjyskE U19, 6 - 4",SønderjyskE U19,1
SønderjyskE U19,"Nordsjælland U19 - SønderjyskE U19, 6 - 0",Middle,1
SønderjyskE U19,"Nordsjælland U19 - SønderjyskE U19, 6 - 0",Nordsjælland U19,1
SønderjyskE U19,"Nordsjælland U19 - SønderjyskE U19, 6 - 0",SønderjyskE U19,1
SønderjyskE U19,"OB U19 - SønderjyskE U19, 2 - 0",Middle,1
SønderjyskE U19,"OB U19 - SønderjyskE U19, 2 - 0",Nordsjælland U19,1
SønderjyskE U19,"OB U19 - SønderjyskE U19, 2 - 0",SønderjyskE U19,1
SønderjyskE U19,"Silkeborg U19 - SønderjyskE U19, 2 - 0",Middle,1
SønderjyskE U19,"Silkeborg U19 - SønderjyskE U19, 2 - 0",Nordsjælland U19,1
SønderjyskE U19,"Silkeborg U19 - SønderjyskE U19, 2 - 0",SønderjyskE U19,1
SønderjyskE U19,"SønderjyskE U19 - AGF U19, 2 - 0",Middle,1
SønderjyskE U19,"SønderjyskE U19 - AGF U19, 2 - 0",Nordsjælland U19,1
SønderjyskE U19,"SønderjyskE U19 - AGF U19, 2 - 0",SønderjyskE U19,1
SønderjyskE U19,"SønderjyskE U19 - AaB U19, 0 - 0",Middle,1
SønderjyskE U19,"SønderjyskE U19 - AaB U19, 0 - 0",Nordsjælland U19,1
SønderjyskE U19,"SønderjyskE U19 - AaB U19, 0 - 0",SønderjyskE U19,1
SønderjyskE U19,"SønderjyskE U19 - AaB U19, 3 - 3 (P)",Middle,1
SønderjyskE U19,"SønderjyskE U19 - AaB U19, 3 - 3 (P)",Nordsjælland U19,1
SønderjyskE U19,"SønderjyskE U19 - AaB U19, 3 - 3 (P)",SønderjyskE U19,1
SønderjyskE U19,"SønderjyskE U19 - Brøndby U19, 0 - 3",Middle,1
SønderjyskE U19,"SønderjyskE U19 - Brøndby U19, 0 - 3",Nordsjælland U19,1
SønderjyskE U19,"SønderjyskE U19 - Brøndby U19, 0 - 3",SønderjyskE U19,1
SønderjyskE U19,"SønderjyskE U19 - Esbjerg U19, 5 - 2",Middle,1
SønderjyskE U19,"SønderjyskE U19 - Esbjerg U19, 5 - 2",Nordsjælland U19,1
SønderjyskE U19,"SønderjyskE U19 - Esbjerg U19, 5 - 2",SønderjyskE U19,1
SønderjyskE U19,"SønderjyskE U19 - Horsens U19, 2 - 0",Middle,1
SønderjyskE U19,"SønderjyskE U19 - Horsens U19, 2 - 0",Nordsjælland U19,1
SønderjyskE U19,"SønderjyskE U19 - Horsens U19, 2 - 0",SønderjyskE U19,1
SønderjyskE U19,"SønderjyskE U19 - København U19, 2 - 3",Middle,1
SønderjyskE U19,"SønderjyskE U19 - København U19, 2 - 3",Nordsjælland U19,1
SønderjyskE U19,"SønderjyskE U19 - København U19, 2 - 3",SønderjyskE U19,1
SønderjyskE U19,"SønderjyskE U19 - Lyngby U19, 1 - 3",Middle,1
SønderjyskE U19,"SønderjyskE U19 - Lyngby U19, 1 - 3",Nordsjælland U19,1
SønderjyskE U19,"SønderjyskE U19 - Lyngby U19, 1 - 3",SønderjyskE U19,1
SønderjyskE U19,"SønderjyskE U19 - Midtjylland U19, 0 - 6",Middle,1
SønderjyskE U19,"SønderjyskE U19 - Midtjylland U19, 0 - 6",Nordsjælland U19,1
SønderjyskE U19,"SønderjyskE U19 - Midtjylland U19, 0 - 6",SønderjyskE U19,1
SønderjyskE U19,"SønderjyskE U19 - Nordsjælland U19, 0 - 0 (P)",Middle,1
SønderjyskE U19,"SønderjyskE U19 - Nordsjælland U19, 0 - 0 (P)",Nordsjælland U19,1
SønderjyskE U19,"SønderjyskE U19 - Nordsjælland U19, 0 - 0 (P)",SønderjyskE U19,1
SønderjyskE U19,"SønderjyskE U19 - OB U19, 1 - 2",Middle,1
SønderjyskE U19,"SønderjyskE U19 - OB U19, 1 - 2",Nordsjælland U19,1
SønderjyskE U19,"SønderjyskE U19 - OB U19, 1 - 2",SønderjyskE U19,1
SønderjyskE U19,"SønderjyskE U19 - Randers U19, 3 - 4",Middle,1
SønderjyskE U19,"SønderjyskE U19 - Randers U19, 3 - 4",Nordsjælland U19,1
SønderjyskE U19,"SønderjyskE U19 - Randers U19, 3 - 4",SønderjyskE U19,1
SønderjyskE U19,"SønderjyskE U19 - Vejle U19, 3 - 3 (P)",Middle,1
SønderjyskE U19,"SønderjyskE U19 - Vejle U19, 3 - 3 (P)",Nordsjælland U19,1
SønderjyskE U19,"SønderjyskE U19 - Vejle U19, 3 - 3 (P)",SønderjyskE U19,1
SønderjyskE U19,"Vejle U19 - SønderjyskE U19, 1 - 4",Middle,1
SønderjyskE U19,"Vejle U19 - SønderjyskE U19, 1 - 4",Nordsjælland U19,1
SønderjyskE U19,"Vejle U19 - SønderjyskE U19, 1 - 4",SønderjyskE U19,1
Vejle U19,"AGF U19 - Vejle U19, 4 - 2",Middle,1
Vejle U19,"AGF U19 - Vejle U19, 4 - 2",Nordsjælland U19,1
Vejle U19,"AGF U19 - Vejle U19, 4 - 2",Vejle U19,1
Vejle U19,"AaB U19 - Vejle U19, 1 - 2",Middle,1
Vejle U19,"AaB U19 - Vejle U19, 1 - 2",Nordsjælland U19,1
Vejle U19,"AaB U19 - Vejle U19, 1 - 2",Vejle U19,1
Vejle U19,"Brøndby U19 - Vejle U19, 3 - 1",Middle,1
Vejle U19,"Brøndby U19 - Vejle U19, 3 - 1",Nordsjælland U19,1
Vejle U19,"Brøndby U19 - Vejle U19, 3 - 1",Vejle U19,1
Vejle U19,"Esbjerg U19 - Vejle U19, 2 - 3",Middle,1
Vejle U19,"Esbjerg U19 - Vejle U19, 2 - 3",Nordsjælland U19,1
Vejle U19,"Esbjerg U19 - Vejle U19, 2 - 3",Vejle U19,1
Vejle U19,"Horsens U19 - Vejle U19, 1 - 3",Middle,1
Vejle U19,"Horsens U19 - Vejle U19, 1 - 3",Nordsjælland U19,1
Vejle U19,"Horsens U19 - Vejle U19, 1 - 3",Vejle U19,1
Vejle U19,"København U19 - Vejle U19, 4 - 0",Middle,1
Vejle U19,"København U19 - Vejle U19, 4 - 0",Nordsjælland U19,1
Vejle U19,"København U19 - Vejle U19, 4 - 0",Vejle U19,1
Vejle U19,"Lyngby U19 - Vejle U19, 2 - 1",Middle,1
Vejle U19,"Lyngby U19 - Vejle U19, 2 - 1",Nordsjælland U19,1
Vejle U19,"Lyngby U19 - Vejle U19, 2 - 1",Vejle U19,1
Vejle U19,"Midtjylland U19 - Vejle U19, 4 - 1",Middle,1
Vejle U19,"Midtjylland U19 - Vejle U19, 4 - 1",Nordsjælland U19,1
Vejle U19,"Midtjylland U19 - Vejle U19, 4 - 1",Vejle U19,1
Vejle U19,"Nordsjælland U19 - Vejle U19, 5 - 1",Middle,1
Vejle U19,"Nordsjælland U19 - Vejle U19, 5 - 1",Nordsjælland U19,1
Vejle U19,"Nordsjælland U19 - Vejle U19, 5 - 1",Vejle U19,1
Vejle U19,"OB U19 - Vejle U19, 1 - 0",Middle,1
Vejle U19,"OB U19 - Vejle U19, 1 - 0",Nordsjælland U19,1
Vejle U19,"OB U19 - Vejle U19, 1 - 0",Vejle U19,1
Vejle U19,"Randers U19 - Vejle U19, 2 - 1",Middle,1
Vejle U19,"Randers U19 - Vejle U19, 2 - 1",Nordsjælland U19,1
Vejle U19,"Randers U19 - Vejle U19, 2 - 1",Vejle U19,1
Vejle U19,"Silkeborg U19 - Vejle U19, 0 - 1",Middle,1
Vejle U19,"Silkeborg U19 - Vejle U19, 0 - 1",Nordsjælland U19,1
Vejle U19,"Silkeborg U19 - Vejle U19, 0 - 1",Vejle U19,1
Vejle U19,"SønderjyskE U19 - Vejle U19, 3 - 3 (P)",Middle,1
Vejle U19,"SønderjyskE U19 - Vejle U19, 3 - 3 (P)",Nordsjælland U19,1
Vejle U19,"SønderjyskE U19 - Vejle U19, 3 - 3 (P)",Vejle U19,1
Vejle U19,"Vejle U19 - AGF U19, 0 - 1",Middle,1
Vejle U19,"Vejle U19 - AGF U19, 0 - 1",Nordsjælland U19,1
Vejle U19,"Vejle U19 - AGF U19, 0 - 1",Vejle U19,1
Vejle U19,"Vejle U19 - AaB U19, 1 - 2",Middle,1
Vejle U19,"Vejle U19 - AaB U19, 1 - 2",Nordsjælland U19,1
Vejle U19,"Vejle U19 - AaB U19, 1 - 2",Vejle U19,1
Vejle U19,"Vejle U19 - Brøndby U19, 1 - 2",Middle,1
Vejle U19,"Vejle U19 - Brøndby U19, 1 - 2",Nordsjælland U19,1
Vejle U19,"Vejle U19 - Brøndby U19, 1 - 2",Vejle U19,1
Vejle U19,"Vejle U19 - Esbjerg U19, 2 - 0",Middle,1
Vejle U19,"Vejle U19 - Esbjerg U19, 2 - 0",Nordsjælland U19,1
Vejle U19,"Vejle U19 - Esbjerg U19, 2 - 0",Vejle U19,1
Vejle U19,"Vejle U19 - København U19, 2 - 4",Middle,1
Vejle U19,"Vejle U19 - København U19, 2 - 4",Nordsjælland U19,1
Vejle U19,"Vejle U19 - København U19, 2 - 4",Vejle U19,1
Vejle U19,"Vejle U19 - Midtjylland U19, 1 - 5",Middle,1
Vejle U19,"Vejle U19 - Midtjylland U19, 1 - 5",Nordsjælland U19,1
Vejle U19,"Vejle U19 - Midtjylland U19, 1 - 5",Vejle U19,1
Vejle U19,"Vejle U19 - Nordsjælland U19, 1 - 1 (E)",Middle,1
Vejle U19,"Vejle U19 - Nordsjælland U19, 1 - 1 (E)",Nordsjælland U19,1
Vejle U19,"Vejle U19 - Nordsjælland U19, 1 - 1 (E)",Vejle U19,1
Vejle U19,"Vejle U19 - OB U19, 0 - 2",Middle,1
Vejle U19,"Vejle U19 - OB U19, 0 - 2",Nordsjælland U19,1
Vejle U19,"Vejle U19 - OB U19, 0 - 2",Vejle U19,1
Vejle U19,"Vejle U19 - Randers U19, 0 - 1",Middle,1
Vejle U19,"Vejle U19 - Randers U19, 0 - 1",Nordsjælland U19,1
Vejle U19,"Vejle U19 - Randers U19, 0 - 1",Vejle U19,1
Vejle U19,"Vejle U19 - Silkeborg U19, 0 - 3",Middle,1
Vejle U19,"Vejle U19 - Silkeborg U19, 0 - 3",Nordsjælland U19,1
Vejle U19,"Vejle U19 - Silkeborg U19, 0 - 3",Vejle U19,1
Vejle U19,"Vejle U19 - SønderjyskE U19, 1 - 4",Middle,1
Vejle U19,"Vejle U19 - SønderjyskE U19, 1 - 4",Nordsjælland U19,1
Vejle U19,"Vejle U19 - SønderjyskE U19, 1 - 4",Vejle U19,1
